video_short,video,video_id,comment_index,comment,manual_7_emotion,manual_3_sentiment,label_notes
tech_product_launch,https://www.youtube.com/watch?v=n6pqGoXWZzo,n6pqGoXWZzo,1,🔐 This video was sponsored by our friends at NordPass! Use the code FPT at http://nordpass.com/fpt to get a free 3-month trial of NordPass Business. No credit card is required!,,,
tech_product_launch,https://www.youtube.com/watch?v=n6pqGoXWZzo,n6pqGoXWZzo,2,Apple: *hurriedly rushing to change intro music*,,,
tech_product_launch,https://www.youtube.com/watch?v=n6pqGoXWZzo,n6pqGoXWZzo,3,Apple's 2 hour long event summarized in 10 minutes,,,
tech_product_launch,https://www.youtube.com/watch?v=n6pqGoXWZzo,n6pqGoXWZzo,4,That intro goes so hard,,,
tech_product_launch,https://www.youtube.com/watch?v=n6pqGoXWZzo,n6pqGoXWZzo,5,Those renders and animations are 🔥,,,
tech_product_launch,https://www.youtube.com/watch?v=n6pqGoXWZzo,n6pqGoXWZzo,6,Toilet squad.,,,
tech_product_launch,https://www.youtube.com/watch?v=n6pqGoXWZzo,n6pqGoXWZzo,7,"Video nerds are the only ones that’ll appreciate this, but the softer warm lighting is SOOOO GOOD. So good!",,,
tech_product_launch,https://www.youtube.com/watch?v=n6pqGoXWZzo,n6pqGoXWZzo,8,Almost word to word accurate,,,
tech_product_launch,https://www.youtube.com/watch?v=n6pqGoXWZzo,n6pqGoXWZzo,9,"Wow, this is literally like watching an actual Apple keynote presentation and this is the highest compliment I can give.",,,
tech_product_launch,https://www.youtube.com/watch?v=n6pqGoXWZzo,n6pqGoXWZzo,10,Bro is GLOWING!!! 😂,,,
tech_product_launch,https://www.youtube.com/watch?v=n6pqGoXWZzo,n6pqGoXWZzo,11,"The way you introduced iPhone, it felt like I am watching official promo. Mind blowing",,,
tech_product_launch,https://www.youtube.com/watch?v=n6pqGoXWZzo,n6pqGoXWZzo,12,this is the most accurate rumor that turned to be true 😂,,,
tech_product_launch,https://www.youtube.com/watch?v=n6pqGoXWZzo,n6pqGoXWZzo,13,iPhone 16 introductory video before g̶t̶a̶ 6̶ iPhone 16 introductory video,,,
tech_product_launch,https://www.youtube.com/watch?v=n6pqGoXWZzo,n6pqGoXWZzo,14,"*John:* I don't know why I never get invited to the Apple events. 😂😂😂 *Me:* It doesn't matter, we love you brother.",,,
tech_product_launch,https://www.youtube.com/watch?v=n6pqGoXWZzo,n6pqGoXWZzo,15,"“Sweet 16,” but it’s actually the eighteenth iPhone event 😉",,,
tech_product_launch,https://www.youtube.com/watch?v=n6pqGoXWZzo,n6pqGoXWZzo,16,"who needs an apple showcase event when you have jon fpt, the renders and presentation are actually amazing",,,
tech_product_launch,https://www.youtube.com/watch?v=n6pqGoXWZzo,n6pqGoXWZzo,17,Just watched this after watching the event... Incredible accuracy!!,,,
tech_product_launch,https://www.youtube.com/watch?v=n6pqGoXWZzo,n6pqGoXWZzo,18,Jon with the intro: WooImmaBoutToMakeAnameForMyselfHere!,,,
tech_product_launch,https://www.youtube.com/watch?v=n6pqGoXWZzo,n6pqGoXWZzo,19,The accuracy is crazy,,,
tech_product_launch,https://www.youtube.com/watch?v=n6pqGoXWZzo,n6pqGoXWZzo,20,Great intro..it was just like an apple production,,,
tech_product_launch,https://www.youtube.com/watch?v=n6pqGoXWZzo,n6pqGoXWZzo,21,Wow… you’ve outdone yourself. Great video!,,,
tech_product_launch,https://www.youtube.com/watch?v=n6pqGoXWZzo,n6pqGoXWZzo,22,"From one audio nerd to another, the audio engineering on this vid is fantastic. Also also a long time fpt viewer, this is top notch quality across the board. Great job Jern and Bern",,,
tech_product_launch,https://www.youtube.com/watch?v=n6pqGoXWZzo,n6pqGoXWZzo,23,"I don't know if FTP reads these comments, but one thing I would LOVE to see is Jon reacting to an apple event video and taking a sip of water every time the current presenter touches their hands together. Maybe doing a push up whenever they say ""intelligence""? something silly like that would be rad.",,,
tech_product_launch,https://www.youtube.com/watch?v=n6pqGoXWZzo,n6pqGoXWZzo,24,I left another YouTube video when I got this notification so I could watch this one. It better be worth it,,,
tech_product_launch,https://www.youtube.com/watch?v=n6pqGoXWZzo,n6pqGoXWZzo,25,THAT 16 PRO REVEAL WAS A BANGER !!!!,,,
tech_product_launch,https://www.youtube.com/watch?v=n6pqGoXWZzo,n6pqGoXWZzo,26,"This is the MOST normal/calm I’ve seen you in a video lol. While I enjoyed the video, I love the craziness sometimes 😂😂👌🏽",,,
tech_product_launch,https://www.youtube.com/watch?v=n6pqGoXWZzo,n6pqGoXWZzo,27,"This is Apple-level quality renders. Outstanding. Tip of the hat, FPT and AppleTrack.",,,
tech_product_launch,https://www.youtube.com/watch?v=n6pqGoXWZzo,n6pqGoXWZzo,28,Jons Intro face turns me “not off”…….. I. E On,,,
tech_product_launch,https://www.youtube.com/watch?v=n6pqGoXWZzo,n6pqGoXWZzo,29,Just another Apple marketer working for free.,,,
tech_product_launch,https://www.youtube.com/watch?v=n6pqGoXWZzo,n6pqGoXWZzo,30,Saw it and clicked,,,
tech_product_launch,https://www.youtube.com/watch?v=n6pqGoXWZzo,n6pqGoXWZzo,31,Dang this video goes hard. Fantastic work.,,,
tech_product_launch,https://www.youtube.com/watch?v=n6pqGoXWZzo,n6pqGoXWZzo,32,6.9 inches is the size of some small tablets tho🤣😭,,,
tech_product_launch,https://www.youtube.com/watch?v=n6pqGoXWZzo,n6pqGoXWZzo,33,THIS video finally got me excited about the 16 Pro,,,
tech_product_launch,https://www.youtube.com/watch?v=n6pqGoXWZzo,n6pqGoXWZzo,34,2:27 wtf was that finger doing lmao,,,
tech_product_launch,https://www.youtube.com/watch?v=n6pqGoXWZzo,n6pqGoXWZzo,35,Love the lighting Jon! Aputure to the rescue!,,,
tech_product_launch,https://www.youtube.com/watch?v=n6pqGoXWZzo,n6pqGoXWZzo,36,Can we please acknowledge the amount of work and filtering through the rumors to just make this quality kind of video ? Thanks Jon 👏🏼,,,
tech_product_launch,https://www.youtube.com/watch?v=n6pqGoXWZzo,n6pqGoXWZzo,37,Bro it is so unreal seeing my own renderings and renderings I already know come to live with this incredible sound design and storytelling. It literally feels like watching an Apple Event,,,
tech_product_launch,https://www.youtube.com/watch?v=n6pqGoXWZzo,n6pqGoXWZzo,38,your predictions were very accurate,,,
tech_product_launch,https://www.youtube.com/watch?v=n6pqGoXWZzo,n6pqGoXWZzo,39,60hz going into 2025 is a crime,,,
tech_product_launch,https://www.youtube.com/watch?v=n6pqGoXWZzo,n6pqGoXWZzo,40,Ok professional voice is what we re doing here,,,
tech_product_launch,https://www.youtube.com/watch?v=n6pqGoXWZzo,n6pqGoXWZzo,41,Anyone else thinking Apple is watching this like…dang…he stole our keynote?!,,,
tech_product_launch,https://www.youtube.com/watch?v=n6pqGoXWZzo,n6pqGoXWZzo,42,"I'm only 4 minutes into the video and Jon, well F'ing done! This video has cooked! The animations and renders are going so damn hard, literally feels like you've taken it from the keynote. BRAVO!!",,,
tech_product_launch,https://www.youtube.com/watch?v=n6pqGoXWZzo,n6pqGoXWZzo,43,Damn that intro,,,
tech_product_launch,https://www.youtube.com/watch?v=n6pqGoXWZzo,n6pqGoXWZzo,44,That music was STRAIGHT FIRE 🔥🔥🔥,,,
tech_product_launch,https://www.youtube.com/watch?v=n6pqGoXWZzo,n6pqGoXWZzo,45,6.9 Inches... *Nice*,,,
tech_product_launch,https://www.youtube.com/watch?v=n6pqGoXWZzo,n6pqGoXWZzo,46,Rewatched this after the official Apple event. Jon's presentation is more appealing. He sells the 16 pro better than Apple😅,,,
tech_product_launch,https://www.youtube.com/watch?v=n6pqGoXWZzo,n6pqGoXWZzo,47,There’s just no reason to get excited about a new iPhone anymore.,,,
tech_product_launch,https://www.youtube.com/watch?v=n6pqGoXWZzo,n6pqGoXWZzo,48,Just commenting again because I’m mind boggled about the production quality on this video. As an audio nerd this video is *CHEF’s KISS*,,,
tech_product_launch,https://www.youtube.com/watch?v=n6pqGoXWZzo,n6pqGoXWZzo,49,A revival of the colourful polycarbonate shell on the SE would be cool!,,,
tech_product_launch,https://www.youtube.com/watch?v=n6pqGoXWZzo,n6pqGoXWZzo,50,Bro really decided to hold a mini apple event. All animations and story telling on point.,,,
tech_review_mixed,https://www.youtube.com/watch?v=XkXbkxtBlwY,XkXbkxtBlwY,1,1:05 Correction: The back is Gorilla Glass Victus 2; ALSO our One UI 7 video is up in a mobile aspect for your phone: https://www.youtube.com/watch?v=CG3qH-sLmyk,,,
tech_review_mixed,https://www.youtube.com/watch?v=XkXbkxtBlwY,XkXbkxtBlwY,2,Don't change your phone every year and then you will see improvements.,,,
tech_review_mixed,https://www.youtube.com/watch?v=XkXbkxtBlwY,XkXbkxtBlwY,3,"I like gmsarena reviews. Very precise and straight to the point. No advertising, no wasting time 😊",,,
tech_review_mixed,https://www.youtube.com/watch?v=XkXbkxtBlwY,XkXbkxtBlwY,4,I am a 10 year apple Iphone user. I am starting transition to samsung products. Like the S25ULTRA and I love it,,,
tech_review_mixed,https://www.youtube.com/watch?v=XkXbkxtBlwY,XkXbkxtBlwY,5,They really turned the S pen into a plastic stick and called it an upgrade 💀,,,
tech_review_mixed,https://www.youtube.com/watch?v=XkXbkxtBlwY,XkXbkxtBlwY,6,"Samsung is at Peak, they should release major flagship every 2years.",,,
tech_review_mixed,https://www.youtube.com/watch?v=XkXbkxtBlwY,XkXbkxtBlwY,7,"As my 1st ultra phone, I'm very impressed. One handed operation and one handed keyboard has helped me getting used to the size. The screen is kinda incredible.",,,
tech_review_mixed,https://www.youtube.com/watch?v=XkXbkxtBlwY,XkXbkxtBlwY,8,happy still w/ my 23 ultra,,,
tech_review_mixed,https://www.youtube.com/watch?v=XkXbkxtBlwY,XkXbkxtBlwY,9,Watching on my S24 ultra 😊😊,,,
tech_review_mixed,https://www.youtube.com/watch?v=XkXbkxtBlwY,XkXbkxtBlwY,10,I'm still using the Samsung S21. Looking to upgrade to this guy. My phone is glitching and slowing down and has barely any memory left on it even after deleting lots of old photos and apps. I bought my phone right before the pandemic started. Love your review 🤖,,,
tech_review_mixed,https://www.youtube.com/watch?v=XkXbkxtBlwY,XkXbkxtBlwY,11,"No charger included is criminal. I know its been a thing for flagships for some time now, but i just cant get over that.",,,
tech_review_mixed,https://www.youtube.com/watch?v=XkXbkxtBlwY,XkXbkxtBlwY,12,I gotta Note 20 and it still works amazingly,,,
tech_review_mixed,https://www.youtube.com/watch?v=XkXbkxtBlwY,XkXbkxtBlwY,13,I had an s20 note ultra which has been an excellent phone for about 5 years…I just got this phone on Prime day…it’s a pretty good upgrade for me.,,,
tech_review_mixed,https://www.youtube.com/watch?v=XkXbkxtBlwY,XkXbkxtBlwY,14,"I have it since April, coming from an S21 FE. Phenomenal phone",,,
tech_review_mixed,https://www.youtube.com/watch?v=XkXbkxtBlwY,XkXbkxtBlwY,15,"Love the work that you are doing in GSMarena, and been a fan for many years .... but please work more on your videos, the background music is just distracting, and please add the information and tests that you have done in your website.",,,
tech_review_mixed,https://www.youtube.com/watch?v=XkXbkxtBlwY,XkXbkxtBlwY,16,Coming from 21 FE I'll be upgrading to this one. The anti-glare display is awesome.,,,
tech_review_mixed,https://www.youtube.com/watch?v=XkXbkxtBlwY,XkXbkxtBlwY,17,Just got my new SAMSUNG GALAXY S25 ULTRA last night!! I LOve it!! I think its better than the iPhone 12 pro max i had.,,,
tech_review_mixed,https://www.youtube.com/watch?v=XkXbkxtBlwY,XkXbkxtBlwY,18,I was waiting for your review finally,,,
tech_review_mixed,https://www.youtube.com/watch?v=XkXbkxtBlwY,XkXbkxtBlwY,19,"Thank you!!! I've been using the same phone for years, since the news ones didn't feel too different. I've been comparing different one for quite a while. Now I know which one I want to buy now.",,,
tech_review_mixed,https://www.youtube.com/watch?v=XkXbkxtBlwY,XkXbkxtBlwY,20,Your reviews are simple and to the point! Much better then all the other reviewers.. This phone is the one! To bad I dont want to shell out 1400 .. going to pick up a s24+ for much less for now instead,,,
tech_review_mixed,https://www.youtube.com/watch?v=XkXbkxtBlwY,XkXbkxtBlwY,21,My s23 ultra corners made a hole in my pocket. Literally! It's nice to see rounded corners and flat screen.,,,
tech_review_mixed,https://www.youtube.com/watch?v=XkXbkxtBlwY,XkXbkxtBlwY,22,I was going to wait to get the S25 Ultra but I went with the Google Pixel 9 Pro XL instead. I had the Google Pixel 8 Pro and I had the upgrade with a discount so I'm very happy with the phone. It has one of the best cameras on the market. Awesome review.,,,
tech_review_mixed,https://www.youtube.com/watch?v=XkXbkxtBlwY,XkXbkxtBlwY,23,Your channel is the only channel i trust about camera review,,,
tech_review_mixed,https://www.youtube.com/watch?v=XkXbkxtBlwY,XkXbkxtBlwY,24,Can we have a talk about Meizu series next time? I'm really waiting for this list🥰,,,
tech_review_mixed,https://www.youtube.com/watch?v=XkXbkxtBlwY,XkXbkxtBlwY,25,I'll wait for the Samsung Galaxy S30 Ultra.,,,
tech_review_mixed,https://www.youtube.com/watch?v=XkXbkxtBlwY,XkXbkxtBlwY,26,"Night-time camera performance on all smartphones will always be less than ideal, due to the tiny sensor sizes involved. Regardless how much processing is done, it's a fact of math and physics that a tiny sensor will never take ""great"" nighttime photos - there simply isn't enough light gathering capacity, (short of doing LONG static exposures)",,,
tech_review_mixed,https://www.youtube.com/watch?v=XkXbkxtBlwY,XkXbkxtBlwY,27,I am a devoted buyer of the samsung galaxy S series and have been for years. There's a few things I miss. 1. Your battery was removable so easy to replace. You could add a sd card so you could expand your storage. The price for extra storage being built in and buying it is rather expensive when a sd card does the same at a much lower price.,,,
tech_review_mixed,https://www.youtube.com/watch?v=XkXbkxtBlwY,XkXbkxtBlwY,28,S24 plus user here I might wait for the galaxy s26 ultra this phone is pretty good upgrade for s22 ultra users,,,
tech_review_mixed,https://www.youtube.com/watch?v=XkXbkxtBlwY,XkXbkxtBlwY,29,"You brought up a good point, S24U was already a great phone, what could Samsung do to improve it? Let's see: 1. much better various cameras, 1inch sensor, better zoom, better front camera, options to sharpen photos or not. 2. higher battery capacity, new type of battery. 3. 2x faster charging speed and include a 100W charger. 4. killer feature: have an option to turn the screen glossy or matte. 5. retain what works eg curve sides and spen BT. 6. faster fingerprint sensor and faster face detection or iris scanner like note 9. 7. even louder speakers. 8. give truly good AI features. 9. improve on google AI features instead of just be the first to implement them.",,,
tech_review_mixed,https://www.youtube.com/watch?v=XkXbkxtBlwY,XkXbkxtBlwY,30,Watching with my s25 ultra 😊,,,
tech_review_mixed,https://www.youtube.com/watch?v=XkXbkxtBlwY,XkXbkxtBlwY,31,Actually I think the regular S25 and S25+ have a good selling point of having snapdragon globally instead of Exynos on the S24s,,,
tech_review_mixed,https://www.youtube.com/watch?v=XkXbkxtBlwY,XkXbkxtBlwY,32,"Thank you, my business is moving away from US products now so useful",,,
tech_review_mixed,https://www.youtube.com/watch?v=XkXbkxtBlwY,XkXbkxtBlwY,33,Would be nice if samsung can develop RAW picture editor software and included in their phone..,,,
tech_review_mixed,https://www.youtube.com/watch?v=XkXbkxtBlwY,XkXbkxtBlwY,34,I would call the removal of the Bluetooth functions of the Spen a drastic downgrade,,,
tech_review_mixed,https://www.youtube.com/watch?v=XkXbkxtBlwY,XkXbkxtBlwY,35,Looking forward to the base and Plus reviews and lab tests 👌🏻,,,
tech_review_mixed,https://www.youtube.com/watch?v=XkXbkxtBlwY,XkXbkxtBlwY,36,Finally coming out of my S23 ultra for the S25 ultra 😎😎,,,
tech_review_mixed,https://www.youtube.com/watch?v=XkXbkxtBlwY,XkXbkxtBlwY,37,Thank you for not taking much time and making a huge noise out of the Spen Bluetooth,,,
tech_review_mixed,https://www.youtube.com/watch?v=XkXbkxtBlwY,XkXbkxtBlwY,38,Neat thing with the corning gorilla glass. I went to Alfred Universityin New York that's a ceramic college and not far is Corning and the Corning museum of glass. 10/10 recommend going to the museum,,,
tech_review_mixed,https://www.youtube.com/watch?v=XkXbkxtBlwY,XkXbkxtBlwY,39,Interesting video highlighting the very few upgrades for the S25 and makes me wonder if going with the S24 with the Bluetooth pen would be the better option.,,,
tech_review_mixed,https://www.youtube.com/watch?v=XkXbkxtBlwY,XkXbkxtBlwY,40,"You look like Paulo Avelino, an actor here in the Philippines 😊",,,
tech_review_mixed,https://www.youtube.com/watch?v=XkXbkxtBlwY,XkXbkxtBlwY,41,I just got one on a good deal here in Australia with my phone plan. I've never had a top of the range flagship phone before so i'm looking forward to the better experience. My current Galaxy A11 is 4 years old so it's time for a new phone but for an entry level phone it's been very reliable for me and still holds battery life similar to when it was new. It's just starting to slow down a bit and hasn't got a lot of memory. I don't use my computer much these days or even own a tablet so I figure I'd upgrade to something that can do everything I want it to do. I'll miss my trusty A11.,,,
tech_review_mixed,https://www.youtube.com/watch?v=XkXbkxtBlwY,XkXbkxtBlwY,42,That's what I'm talking about. That intro goes haaaaarrrrdddd😀😀😀,,,
tech_review_mixed,https://www.youtube.com/watch?v=XkXbkxtBlwY,XkXbkxtBlwY,43,I'm always here for the song! 😂,,,
tech_review_mixed,https://www.youtube.com/watch?v=XkXbkxtBlwY,XkXbkxtBlwY,44,"Awesome phone, right? But what's crazy is how much better they get over time with updates. A 2021 phone's got features they didn't even have back then!",,,
tech_review_mixed,https://www.youtube.com/watch?v=XkXbkxtBlwY,XkXbkxtBlwY,45,Thank you for this smooth review I think the version of Samsung Galaxy S25 shows upgraded possiblities in general.,,,
tech_review_mixed,https://www.youtube.com/watch?v=XkXbkxtBlwY,XkXbkxtBlwY,46,Your voice is SUPER KOOL❤,,,
tech_review_mixed,https://www.youtube.com/watch?v=XkXbkxtBlwY,XkXbkxtBlwY,47,I was waiting ✋️ Thank you 😊 ❤,,,
tech_review_mixed,https://www.youtube.com/watch?v=XkXbkxtBlwY,XkXbkxtBlwY,48,I'm going from the S10 to the S25 Ultra and excited,,,
tech_review_mixed,https://www.youtube.com/watch?v=XkXbkxtBlwY,XkXbkxtBlwY,49,"I have the S24U, an excellent smartphone—up there with the best. The S25U is an iterative update that improves imperfections with a few design tweaks. It certainly would not persuade me to trade up. I did trade the S23U in for the S24U to get a flat display, as I hate curved ones, but nothing here adds value. Battery life on the S24U is two days for me, performance is overkill, the display is Grade A, it is smooth, and it has performed with very few issues over the year. The cameras are above average with pros and cons, but no perfect camera phone exists. This is very expensive for those not trading in, coming from much older devices, but it would likely be a fantastic long-term buy. But then again, there are cheaper, similarly excellent phones in Europe that I can say the same for, so if I were buying now, I would probably buy the Honor Magic 7 Pro at £350 less or the OP13 with a free watch for a similar saving.",,,
tech_review_mixed,https://www.youtube.com/watch?v=XkXbkxtBlwY,XkXbkxtBlwY,50,Thank you for the honest and straight to the point reviews.,,,
automotive_controversy,https://www.youtube.com/watch?v=ro262oyhZAI,ro262oyhZAI,1,"And of course this is not a sponsored video, I just like this charity. To Enter the Raffle Go Here: https://ccraffle.com/ 5 Things You Should Never Have a Mechanic Do to Your Car: https://youtu.be/BkGNGXGpqXo ⬇️Scotty’s Top DIY Tools and Products: ►Best Scan Tools: 1. Newest Scan Tool: https://amzn.to/4jvxvr7 2. Bluetooth Scan Tool: http://amzn.to/2nfvmaD 3. Cheap Scan Tool: https://amzn.to/2D8Tvae 4. Mid-Grade Scan Tool: https://amzn.to/4bLkN2g 5. Professional Scan Tool: https://amzn.to/4dsaa6e ►Best Car Jump Starters: 1. No Charging Required Jump Starter: https://amzn.to/3i7SH5D 2. Mid-Grade Jump Starter: http://amzn.to/2nrc6qR 3. Best Jump Starter: https://amzn.to/4c1O9JI ►Best Fluids for Your Car: 1. AT-205 Re-Seal (Can Stop Leaks in Your Engine, Transmission, Etc): https://amzn.to/3LCruJq 2. ATS 505 Fuel System Treatment (Pour in Gas Tank): https://amzn.to/3LXhEC9 3. ATS 505 Oil System Treatment (Pour in Engine Oil): https://amzn.to/3SZHZmN 4. Head Gasket Leak Test Kit (To See if Your Car Has a Blown Head Gasket): https://amzn.to/3yDmj9h 5. Lubegard Automatic Transmission Shudder Fix: https://amzn.to/46XEsek 6. Lucas Oil Transmission Fix (For Worn / Slipping Transmission): https://amzn.to/3WSBgfK 7. Meguiar's Headlight Coating (Keeps Your Headlights from Fading): https://amzn.to/46l7kgh 8. Meguiar's Headlight Restoration Kit (Restores Faded Headlights): https://amzn.to/3zT9ojN 9. Meguiar's Clear Plastic Cleaner and Polish (Cleans Headlights): https://amzn.to/3DaZjRa 10. Meguiar's Car Scratch Remover: https://amzn.to/4faB3wJ 11. NuFinish Car Polish (Use on Paint or to Stop Windshield Squeaks): https://amzn.to/3SjmYmA 12. Invisible Glass Cleaner (Inside/Outside Car Window Cleaning): https://amzn.to/3YcElcL 13. Hide Rehab Leather Conditioner (For Leather Car Seats, Etc): https://amzn.to/3YYVtmN 14. Blaster Silicone Lubricant (Lubricates power windows, door hinges, stops squeaks, etc): https://amzn.to/46Ss3bP 15. Rain-X Waterless Car Wash: https://amzn.to/4czhc7K 16. Permatex Windshield Repair Kit: https://amzn.to/4fX5mHF 17. CRC Battery Terminal Protector (Stops Battery Terminal Corrosion): https://amzn.to/4dNnIsy 18. CRC Mass Air Flow Sensor Cleaner: https://amzn.to/3YSTm3x 19. Bar's Cooling System Stop Leak (Can Stop Small Coolant Leaks): https://amzn.to/4dQM3Oh 20. Bar's Blown Head Gasket Repair (Can Stop Head Gasket Leaks): https://amzn.to/3AH6wXj ►Best Car Accessories: 1. Quick Twist Oil Drain Valve (For Fast and Easy Engine Oil Changes): https://amzn.to/46Vn2z4 2. Solar Car Battery Charger: https://amzn.to/4fktsMd 3. Plug-in Car Battery Charger: https://amzn.to/3Yqpjju 4. Dash Cam (Every Car Should Have One): https://amzn.to/41eAzj3 5. Key Finder (To Find Lost Car Keys): https://amzn.to/3Yb6gd4 6. Faraday Box for Car Keys (Blocks Car Key Signals / Anti-Theft): https://amzn.to/3YPlCnX 7. Tire Gauge (To Check Tire Pressure): https://amzn.to/3y8R4CE 8. Tire Air Pump: https://amzn.to/3yCqiD3 9. Car Memory Saver (Use When Changing Your Car's Battery): https://amzn.to/3YmWQeJ 10. Car Odor Eliminating Rocks (Removes Smells in Your Car): https://amzn.to/3zYMFCP ►Best Tools for Working on Your Car: 1. Best Cheap Magnetic Work Light: https://amzn.to/4dQKL5T 2. Best Small Flashlight: https://amzn.to/4fePFep 3. Best Expensive Multi-Use Flashlight: https://amzn.to/3WBxzft 4. Car Battery Tester: https://amzn.to/4bg4dZL 5. Basic Mechanic Tool Set: https://amzn.to/2tEr6Ce 6. Professional Tool Set: http://amzn.to/2Bzmccg 7. Ratcheting Wrench Set: https://amzn.to/2BQjj8A 8. Crowfoot Wrench Set: https://amzn.to/3Xcn6aB 9. Cordless Impact Wrench: https://amzn.to/3WHgpMa 10. Corded Impact Wrench: https://amzn.to/4bVrHlG 11. Electrical Circuit Probe (For Testing Power, Ground, and Shorts): https://amzn.to/4cTwMfp 12. Socket Extension Bar: https://amzn.to/4dedEsf 13. Small Sledge Hammer: https://amzn.to/3WzHsdj 14. Best Borescope for Seeing in Tight Spots: https://amzn.to/3zW3U7K 🛠Check out the other tools I use and highly recommend ► https://goo.gl/rwYt2y 🔥Scotty Shirts and Merch ► https://goo.gl/pTAeca 👉Subscribe and hit the notification bell! ► https://goo.gl/CFismN As an Amazon Associate I earn from qualifying purchases.",,,
automotive_controversy,https://www.youtube.com/watch?v=ro262oyhZAI,ro262oyhZAI,2,“Stained stainless steel” 😂😂😂,,,
automotive_controversy,https://www.youtube.com/watch?v=ro262oyhZAI,ro262oyhZAI,3,This is what happens when You can’t tell the boss the design looks like $hit.,,,
automotive_controversy,https://www.youtube.com/watch?v=ro262oyhZAI,ro262oyhZAI,4,Looks like what restaurants use to store their used frier oil in?!,,,
automotive_controversy,https://www.youtube.com/watch?v=ro262oyhZAI,ro262oyhZAI,5,"I still can't believe people actually paid $100,000 for these things. 🤣🤣🤣",,,
automotive_controversy,https://www.youtube.com/watch?v=ro262oyhZAI,ro262oyhZAI,6,This makes the Aztec look beautiful!,,,
automotive_controversy,https://www.youtube.com/watch?v=ro262oyhZAI,ro262oyhZAI,7,The fact that they didn’t even properly assemble the panels is wild,,,
automotive_controversy,https://www.youtube.com/watch?v=ro262oyhZAI,ro262oyhZAI,8,8:20 - I don't think Scotty has ever reviewed a vehicle that is so bad that he got worn out complaining about it only 8 minutes into the video.,,,
automotive_controversy,https://www.youtube.com/watch?v=ro262oyhZAI,ro262oyhZAI,9,Looks like a geometry problem with wheels .,,,
automotive_controversy,https://www.youtube.com/watch?v=ro262oyhZAI,ro262oyhZAI,10,"2:22 I honesty hope that you will be around much, much longer, Scotty. Longer than me as well 😊 Stay healthy, legend!",,,
automotive_controversy,https://www.youtube.com/watch?v=ro262oyhZAI,ro262oyhZAI,11,It's a Johnnie cab from Total Recall 😂😂,,,
automotive_controversy,https://www.youtube.com/watch?v=ro262oyhZAI,ro262oyhZAI,12,"With all the Elmer’s glue holding this e-truck together, you’d think it’d have a lower base model MSRP",,,
automotive_controversy,https://www.youtube.com/watch?v=ro262oyhZAI,ro262oyhZAI,13,I live in Vancouver and see these EVERYWHERE. Says more about people in Vancouver than the vehicle.,,,
automotive_controversy,https://www.youtube.com/watch?v=ro262oyhZAI,ro262oyhZAI,14,"My F450, with an auxiliary tank, can go over 400 miles while pulling a fully loaded 44 foot toy hauler. And it turns 18 this year.",,,
automotive_controversy,https://www.youtube.com/watch?v=ro262oyhZAI,ro262oyhZAI,15,Bruh calling support to ask someone to unlock your door is insane,,,
automotive_controversy,https://www.youtube.com/watch?v=ro262oyhZAI,ro262oyhZAI,16,"Not only does it look like a drivable fridge, but it cooks those inside like a microwave. Its the kitchen appliance vehicle",,,
automotive_controversy,https://www.youtube.com/watch?v=ro262oyhZAI,ro262oyhZAI,17,"It sounds like they built a dragcar. Fast off the line, but no range",,,
automotive_controversy,https://www.youtube.com/watch?v=ro262oyhZAI,ro262oyhZAI,18,I laugh every time I see one of those. Makes the Pacer and Aztec look good. 😂,,,
automotive_controversy,https://www.youtube.com/watch?v=ro262oyhZAI,ro262oyhZAI,19,Looks like an giant door stopper,,,
automotive_controversy,https://www.youtube.com/watch?v=ro262oyhZAI,ro262oyhZAI,20,I haven’t seen him laugh this much,,,
automotive_controversy,https://www.youtube.com/watch?v=ro262oyhZAI,ro262oyhZAI,21,I’d call it a CyberPinto but that’s an insult to the Pinto.,,,
automotive_controversy,https://www.youtube.com/watch?v=ro262oyhZAI,ro262oyhZAI,22,So it's the opposite of Honda Element which is small on the outside and massive on the inside.,,,
automotive_controversy,https://www.youtube.com/watch?v=ro262oyhZAI,ro262oyhZAI,23,"I was driving behind a Cyber truck yesterday and thought the same thing,that is looks like a garbage can.",,,
automotive_controversy,https://www.youtube.com/watch?v=ro262oyhZAI,ro262oyhZAI,24,It looks like a dumpster on wheels.🤔🤷,,,
automotive_controversy,https://www.youtube.com/watch?v=ro262oyhZAI,ro262oyhZAI,25,I mean who didn't see this coming?,,,
automotive_controversy,https://www.youtube.com/watch?v=ro262oyhZAI,ro262oyhZAI,26,Looks like one them steel public urinals you sometimes see at a rest stop or public park.,,,
automotive_controversy,https://www.youtube.com/watch?v=ro262oyhZAI,ro262oyhZAI,27,“The opposite of Dr. Who’s Tardis.” 😂 Golden!,,,
automotive_controversy,https://www.youtube.com/watch?v=ro262oyhZAI,ro262oyhZAI,28,"These are just becoming expensive billboards, seriously. 2 companies near me have theirs wrapped with their company logo and they just sit out front of the company building, never have I seen them moved!",,,
automotive_controversy,https://www.youtube.com/watch?v=ro262oyhZAI,ro262oyhZAI,29,"Looks like a door stop and a refrigerator had a baby,lol",,,
automotive_controversy,https://www.youtube.com/watch?v=ro262oyhZAI,ro262oyhZAI,30,Nuts. Being rich does not necessarily mean that you are 'smart'.,,,
automotive_controversy,https://www.youtube.com/watch?v=ro262oyhZAI,ro262oyhZAI,31,It’s crazy I’ve watch this man my whole life,,,
automotive_controversy,https://www.youtube.com/watch?v=ro262oyhZAI,ro262oyhZAI,32,These went from “damn look at that” to “it really does look like our refrigerator”,,,
automotive_controversy,https://www.youtube.com/watch?v=ro262oyhZAI,ro262oyhZAI,33,You put a Honda generator in the back of the truck so you charge as you drive.,,,
automotive_controversy,https://www.youtube.com/watch?v=ro262oyhZAI,ro262oyhZAI,34,"Much respect for Scotty Kilmer from Panama, Central America.",,,
automotive_controversy,https://www.youtube.com/watch?v=ro262oyhZAI,ro262oyhZAI,35,"Once you've bought one of these you're stuck with it, you can't resell it because no one wants to buy it.",,,
automotive_controversy,https://www.youtube.com/watch?v=ro262oyhZAI,ro262oyhZAI,36,"I’d be so embarrassed to have one of those in my driveway, under any circumstances. You really took one for the team to make this video. Lol",,,
automotive_controversy,https://www.youtube.com/watch?v=ro262oyhZAI,ro262oyhZAI,37,The Cybertruck is the perfect representation of what the world sees as the U.S. now. Just plain unhinged stupidity! The other kids on the school ground can see it and just steer clear of it. 😂😂😂👍🏽,,,
automotive_controversy,https://www.youtube.com/watch?v=ro262oyhZAI,ro262oyhZAI,38,I think I picked up slight contempt for the cybertruck from Scotty,,,
automotive_controversy,https://www.youtube.com/watch?v=ro262oyhZAI,ro262oyhZAI,39,"Design inspired by the 1980 arcade game ""Battlezone""",,,
automotive_controversy,https://www.youtube.com/watch?v=ro262oyhZAI,ro262oyhZAI,40,This is GOLD!!,,,
automotive_controversy,https://www.youtube.com/watch?v=ro262oyhZAI,ro262oyhZAI,41,I live in Los Angeles. Those metal shoe boxes are everywhere!,,,
automotive_controversy,https://www.youtube.com/watch?v=ro262oyhZAI,ro262oyhZAI,42,Scotty reviewing a Cyberkuck! Life is complete. Thank you!,,,
automotive_controversy,https://www.youtube.com/watch?v=ro262oyhZAI,ro262oyhZAI,43,"Scotty ROCKS! He's incredibly knowledgeable, entertaining as hell and so funny.",,,
automotive_controversy,https://www.youtube.com/watch?v=ro262oyhZAI,ro262oyhZAI,44,I've seen trash cans more aesthetic (and maybe useful) than this thing,,,
automotive_controversy,https://www.youtube.com/watch?v=ro262oyhZAI,ro262oyhZAI,45,It looks like a refrigerator with wheels.,,,
automotive_controversy,https://www.youtube.com/watch?v=ro262oyhZAI,ro262oyhZAI,46,Scotty I missed you man!! Glad to see you are doing good!!,,,
automotive_controversy,https://www.youtube.com/watch?v=ro262oyhZAI,ro262oyhZAI,47,We ALL know the exterious is fugly. Now we know the interior is FUGLY-ER!!,,,
automotive_controversy,https://www.youtube.com/watch?v=ro262oyhZAI,ro262oyhZAI,48,"for 100 grand people could have gotten a lexus LC500 with the big 5.0 V8, emotional design, and an interior far above its price point with toyota build quality/reliability. but instead they got a driving Whirlpool fridge stuck together with glue. yuppies never cease to amaze with their genius financial decisions",,,
automotive_controversy,https://www.youtube.com/watch?v=ro262oyhZAI,ro262oyhZAI,49,Love your humor man,,,
automotive_controversy,https://www.youtube.com/watch?v=ro262oyhZAI,ro262oyhZAI,50,"The people who buy this piece of sheet metal, must be sniffing the glue Elon uses to keep that thing together.",,,
brand_campaign_positive,https://www.youtube.com/watch?v=ijTwZNUBhcI,ijTwZNUBhcI,1,December 2023 and still watching this. The best EVER.,,,
brand_campaign_positive,https://www.youtube.com/watch?v=ijTwZNUBhcI,ijTwZNUBhcI,2,3 years of watching that damn video and It still gives me chills.,,,
brand_campaign_positive,https://www.youtube.com/watch?v=ijTwZNUBhcI,ijTwZNUBhcI,3,It's 2024 and I am still returning to this gem. Still inspirational.,,,
brand_campaign_positive,https://www.youtube.com/watch?v=ijTwZNUBhcI,ijTwZNUBhcI,4,"""When the race is on, all bets are off.""",,,
brand_campaign_positive,https://www.youtube.com/watch?v=ijTwZNUBhcI,ijTwZNUBhcI,5,Still watching this and feel goosebumps,,,
brand_campaign_positive,https://www.youtube.com/watch?v=ijTwZNUBhcI,ijTwZNUBhcI,6,Math Teacher: You failed this test today...what do you have to say for yourself? Student: This isn't a math test! The results don't always add up!,,,
brand_campaign_positive,https://www.youtube.com/watch?v=ijTwZNUBhcI,ijTwZNUBhcI,7,Dude I swear explosions in the sky have always made songs where they can be played at anytime when you just lost a big game or when your warming up for it and I cried my ass off in Friday night lights,,,
brand_campaign_positive,https://www.youtube.com/watch?v=ijTwZNUBhcI,ijTwZNUBhcI,8,Who is here in 2025?,,,
brand_campaign_positive,https://www.youtube.com/watch?v=ijTwZNUBhcI,ijTwZNUBhcI,9,Should’ve ended with tiger woods 2005 chip in but it was a great commercial lol,,,
brand_campaign_positive,https://www.youtube.com/watch?v=ijTwZNUBhcI,ijTwZNUBhcI,10,"almost happened with QPR and Man city, hahaha",,,
brand_campaign_positive,https://www.youtube.com/watch?v=ijTwZNUBhcI,ijTwZNUBhcI,11,My cat watched this video and now he's a Bengal Tiger,,,
brand_campaign_positive,https://www.youtube.com/watch?v=ijTwZNUBhcI,ijTwZNUBhcI,12,I showed this video to my fish...... He is a shark now,,,
brand_campaign_positive,https://www.youtube.com/watch?v=ijTwZNUBhcI,ijTwZNUBhcI,13,been watching this for 12 years...amazing every time,,,
brand_campaign_positive,https://www.youtube.com/watch?v=ijTwZNUBhcI,ijTwZNUBhcI,14,"My dad used to show me this before my football games when I was 7, look at me now in 2022 using this for motivation. Damn life really is beautiful",,,
brand_campaign_positive,https://www.youtube.com/watch?v=ijTwZNUBhcI,ijTwZNUBhcI,15,This one in particular is truly timeless.,,,
brand_campaign_positive,https://www.youtube.com/watch?v=ijTwZNUBhcI,ijTwZNUBhcI,16,"This isn't a Nike ad, it's the voiceover from a Versus ad over Nike footage. And the original creator of this video had it removed a few months back. He's who you should be thanking.",,,
brand_campaign_positive,https://www.youtube.com/watch?v=ijTwZNUBhcI,ijTwZNUBhcI,17,2016 NBA Finals in a nutshell,,,
brand_campaign_positive,https://www.youtube.com/watch?v=ijTwZNUBhcI,ijTwZNUBhcI,18,As soon as USA men’s hockey won gold I sat on my couch and this popped in my head instantly. God bless USA!,,,
brand_campaign_positive,https://www.youtube.com/watch?v=ijTwZNUBhcI,ijTwZNUBhcI,19,"2016, still getting chills watching this.",,,
brand_campaign_positive,https://www.youtube.com/watch?v=ijTwZNUBhcI,ijTwZNUBhcI,20,"I converted this into an MP3 for my ipod and have it halfway through my running playlist. When he starts talking i know the words off by heart, and it makes me feel regenerated, like I only just left home and have a full tank again to finish with. You should try it :)",,,
brand_campaign_positive,https://www.youtube.com/watch?v=ijTwZNUBhcI,ijTwZNUBhcI,21,this helped me get a shoulder press pr yesterday! i never thought id love a commercial.,,,
brand_campaign_positive,https://www.youtube.com/watch?v=ijTwZNUBhcI,ijTwZNUBhcI,22,"I watched this for 4 years straight in high school. 4 years straight till our last state meet. We had the goal and we had the talent to win senior year. We came up short. We got 6th. As a kid you can only feel like that was life biggest failure. To all you young kids out there, sport is just a smaller version of the game of life. You’re going to through things and are going to have to dig deep farther then you’ve ever had to. I’ve come so far as a human since high school and that was built off of never yelling uncle no matter how tired, pissed, or sad I’ve been. Finding it within yourself to keep going. You know what? You’re going to surprise yourself how far you can truly go",,,
brand_campaign_positive,https://www.youtube.com/watch?v=ijTwZNUBhcI,ijTwZNUBhcI,23,Come back here every day I feel down,,,
brand_campaign_positive,https://www.youtube.com/watch?v=ijTwZNUBhcI,ijTwZNUBhcI,24,I wish the showed more sports scenes of underdogs,,,
brand_campaign_positive,https://www.youtube.com/watch?v=ijTwZNUBhcI,ijTwZNUBhcI,25,1:36 Prefontaine... epic!,,,
brand_campaign_positive,https://www.youtube.com/watch?v=ijTwZNUBhcI,ijTwZNUBhcI,26,Nike sure felt like picking on USC for this advertisement.,,,
brand_campaign_positive,https://www.youtube.com/watch?v=ijTwZNUBhcI,ijTwZNUBhcI,27,i can't think of a better advert than this,,,
brand_campaign_positive,https://www.youtube.com/watch?v=ijTwZNUBhcI,ijTwZNUBhcI,28,Coach played this before we faced the #1 team in the state. The whole team got hyped and goosebumps...we lost 35-14...,,,
brand_campaign_positive,https://www.youtube.com/watch?v=ijTwZNUBhcI,ijTwZNUBhcI,29,Been watching this since high school! Still hits!,,,
brand_campaign_positive,https://www.youtube.com/watch?v=ijTwZNUBhcI,ijTwZNUBhcI,30,This is the nicest sentence Rawls ever said,,,
brand_campaign_positive,https://www.youtube.com/watch?v=ijTwZNUBhcI,ijTwZNUBhcI,31,"""Why do I like sports?"" they ask. Well here's the answer.",,,
brand_campaign_positive,https://www.youtube.com/watch?v=ijTwZNUBhcI,ijTwZNUBhcI,32,"This video still brings me chills when he says ""we've got ourselves a game""",,,
brand_campaign_positive,https://www.youtube.com/watch?v=ijTwZNUBhcI,ijTwZNUBhcI,33,I found this on 2021. Changed my life and now I'm listening to this again to elevate. We've got ourselves a game!,,,
brand_campaign_positive,https://www.youtube.com/watch?v=ijTwZNUBhcI,ijTwZNUBhcI,34,2021 crew checking in. Still gets me.,,,
brand_campaign_positive,https://www.youtube.com/watch?v=ijTwZNUBhcI,ijTwZNUBhcI,35,"""Ah, hey, sorry to interrupt Coach, but Evolution is any change across successive generations in the heritable characteristics of biological populations, I think you're thinking of Natural Selection which is one of the processes that can cause Evolution, and in that case it's not necessarily the ""strongest"" that survive... but, anyway, you're doing great, keep going, you were saying something about asses being kicked?""",,,
brand_campaign_positive,https://www.youtube.com/watch?v=ijTwZNUBhcI,ijTwZNUBhcI,36,"Back. Been watching this for 10 years, you'll find my comments here! Another exam coming up, = another month of watching this every now and then.",,,
brand_campaign_positive,https://www.youtube.com/watch?v=ijTwZNUBhcI,ijTwZNUBhcI,37,Best commercial ever,,,
brand_campaign_positive,https://www.youtube.com/watch?v=ijTwZNUBhcI,ijTwZNUBhcI,38,2021 and still coming back to this beauty.,,,
brand_campaign_positive,https://www.youtube.com/watch?v=ijTwZNUBhcI,ijTwZNUBhcI,39,After 10 years still watching it,,,
brand_campaign_positive,https://www.youtube.com/watch?v=ijTwZNUBhcI,ijTwZNUBhcI,40,This isn't a Nike commercial; it's a Versus commercial.,,,
brand_campaign_positive,https://www.youtube.com/watch?v=ijTwZNUBhcI,ijTwZNUBhcI,41,Found it after over 10 years of looking!!! Glad to be back,,,
brand_campaign_positive,https://www.youtube.com/watch?v=ijTwZNUBhcI,ijTwZNUBhcI,42,first breath after coma is a great song. this ad doesn't do it justice.,,,
brand_campaign_positive,https://www.youtube.com/watch?v=ijTwZNUBhcI,ijTwZNUBhcI,43,2025?,,,
brand_campaign_positive,https://www.youtube.com/watch?v=ijTwZNUBhcI,ijTwZNUBhcI,44,its da 7 kids in ballet dat never learned to do a real sport,,,
brand_campaign_positive,https://www.youtube.com/watch?v=ijTwZNUBhcI,ijTwZNUBhcI,45,Nike Ads actually make me want to play sports.,,,
brand_campaign_positive,https://www.youtube.com/watch?v=ijTwZNUBhcI,ijTwZNUBhcI,46,It's been 3 years since I first saw this and I still get goosebumps everytime...,,,
brand_campaign_positive,https://www.youtube.com/watch?v=ijTwZNUBhcI,ijTwZNUBhcI,47,10 years ago I qualified for the biggest swim meet our little club team had been to. I’m 15 years old and was beyond nervous about my one race I qualified for. My dad sent this to me to show that I belong at that elite level of swimming regardless of how daunting the competition was. This video hold a VERY special place in my heart and it still give me chills,,,
brand_campaign_positive,https://www.youtube.com/watch?v=ijTwZNUBhcI,ijTwZNUBhcI,48,"i showed this to my iguana, hes godzilla now",,,
brand_campaign_positive,https://www.youtube.com/watch?v=ijTwZNUBhcI,ijTwZNUBhcI,49,The writer behind this commercial must hate sabermetrics,,,
brand_campaign_positive,https://www.youtube.com/watch?v=ijTwZNUBhcI,ijTwZNUBhcI,50,I like listening to these Nike commercials before a game and while I work out. Very motivating and inspirational,,,
food_beverage_ad,https://www.youtube.com/watch?v=Yy6fByUmPuE,Yy6fByUmPuE,1,This is THE strongest argument I've ever seen for never touching this brand.,,,
food_beverage_ad,https://www.youtube.com/watch?v=Yy6fByUmPuE,Yy6fByUmPuE,2,The most profitable commercial in Pepsi's history.,,,
food_beverage_ad,https://www.youtube.com/watch?v=Yy6fByUmPuE,Yy6fByUmPuE,3,real magic is when you hire an actual artist with a soul,,,
food_beverage_ad,https://www.youtube.com/watch?v=Yy6fByUmPuE,Yy6fByUmPuE,4,"Really... you couldn't pay a few people to animate this and put a bit of soul and passion into it. The original ad had that Christmas magic. Now, the magic... just like your childhood is gone, leaving emptiness and coldness behind.",,,
food_beverage_ad,https://www.youtube.com/watch?v=Yy6fByUmPuE,Yy6fByUmPuE,5,"This is so dystopian. A massive corporation making an ai commercial to sell their sugar water, generating wild animals being excited while real ecosystems dwindle due to the water usage and real artists are stripped of their dignity",,,
food_beverage_ad,https://www.youtube.com/watch?v=Yy6fByUmPuE,Yy6fByUmPuE,6,Remember when they paid real animators to make commercials with heart. Now it's soulless AI.,,,
food_beverage_ad,https://www.youtube.com/watch?v=Yy6fByUmPuE,Yy6fByUmPuE,7,"Nothing says christmas quite like ""dad got fired because AI replaced him to do animation.""",,,
food_beverage_ad,https://www.youtube.com/watch?v=Yy6fByUmPuE,Yy6fByUmPuE,8,What in the world was a sloth doing there smack dab in the middle? lol. They typically live in tropical warm climates. lololol,,,
food_beverage_ad,https://www.youtube.com/watch?v=Yy6fByUmPuE,Yy6fByUmPuE,9,I really miss pre-AI internet,,,
food_beverage_ad,https://www.youtube.com/watch?v=Yy6fByUmPuE,Yy6fByUmPuE,10,We must thank Cocacola for leaving the comments open,,,
food_beverage_ad,https://www.youtube.com/watch?v=Yy6fByUmPuE,Yy6fByUmPuE,11,Sloths always bring out that holiday feel.,,,
food_beverage_ad,https://www.youtube.com/watch?v=Yy6fByUmPuE,Yy6fByUmPuE,12,Who else is here after the new Pepsi commercial?,,,
food_beverage_ad,https://www.youtube.com/watch?v=Yy6fByUmPuE,Yy6fByUmPuE,13,"The unintended irony of using ""Real Magic"" as the tagline is hilarious",,,
food_beverage_ad,https://www.youtube.com/watch?v=Yy6fByUmPuE,Yy6fByUmPuE,14,All these decades trying to cure my coke addiction. This did it in 60 seconds.,,,
food_beverage_ad,https://www.youtube.com/watch?v=Yy6fByUmPuE,Yy6fByUmPuE,15,My favorite part is how the animals can't seem to decide if they want to imitate real life or a cartoon.,,,
food_beverage_ad,https://www.youtube.com/watch?v=Yy6fByUmPuE,Yy6fByUmPuE,16,"They had the audacity to say ""Real"" Magic 💀💀💀🙏",,,
food_beverage_ad,https://www.youtube.com/watch?v=Yy6fByUmPuE,Yy6fByUmPuE,17,"just because you can, doesn’t mean you should",,,
food_beverage_ad,https://www.youtube.com/watch?v=Yy6fByUmPuE,Yy6fByUmPuE,18,one of the richest corporations on the planet using AI should upset everyone,,,
food_beverage_ad,https://www.youtube.com/watch?v=Yy6fByUmPuE,Yy6fByUmPuE,19,I’ve never wanted a Pepsi so badly in my entire life.,,,
food_beverage_ad,https://www.youtube.com/watch?v=Yy6fByUmPuE,Yy6fByUmPuE,20,Bro Pepsi made the right choice stealing the bear mascot,,,
food_beverage_ad,https://www.youtube.com/watch?v=Yy6fByUmPuE,Yy6fByUmPuE,21,"A yes, my favorite arctic animal. The sloth.",,,
food_beverage_ad,https://www.youtube.com/watch?v=Yy6fByUmPuE,Yy6fByUmPuE,22,I love the fact that Pepsi can do literally nothing and still make a profit on christmas,,,
food_beverage_ad,https://www.youtube.com/watch?v=Yy6fByUmPuE,Yy6fByUmPuE,23,"""so what axle configuration should we use for our trucks?"" - ""yes""",,,
food_beverage_ad,https://www.youtube.com/watch?v=Yy6fByUmPuE,Yy6fByUmPuE,24,"Thanks to this commercial, people will finally drink something healthy for Christmas",,,
food_beverage_ad,https://www.youtube.com/watch?v=Yy6fByUmPuE,Yy6fByUmPuE,25,This is the best anti coca-cola ad I’ve ever seen 🤣,,,
food_beverage_ad,https://www.youtube.com/watch?v=Yy6fByUmPuE,Yy6fByUmPuE,26,"The company that made Santa's suit red, now's made Santa completely soulless.",,,
food_beverage_ad,https://www.youtube.com/watch?v=Yy6fByUmPuE,Yy6fByUmPuE,27,"Coca-cola- “ChatGPT create the 2025 Christmas coca-cola advert with animals ChatGPT- “can you specify the type of animals” Coca-cola- “I couldn’t care less, any”",,,
food_beverage_ad,https://www.youtube.com/watch?v=Yy6fByUmPuE,Yy6fByUmPuE,28,So this is why ram is so expensive😭,,,
food_beverage_ad,https://www.youtube.com/watch?v=Yy6fByUmPuE,Yy6fByUmPuE,29,"“Eh boss, the people in this ad.. just don’t look right using this AI, what should we do?” “Replace everyone with animals! Don’t show any humans up close”",,,
food_beverage_ad,https://www.youtube.com/watch?v=Yy6fByUmPuE,Yy6fByUmPuE,30,The best ad I've ever seen for Pepsi.,,,
food_beverage_ad,https://www.youtube.com/watch?v=Yy6fByUmPuE,Yy6fByUmPuE,31,0:41 “It’s always a real thing.” LOL,,,
food_beverage_ad,https://www.youtube.com/watch?v=Yy6fByUmPuE,Yy6fByUmPuE,32,"I'm guessing their intention was to make all the animals look cute, but god damn did the AI screw up. Especially with that sloth. Aside from looking completely out of place, the robotic head turn and those soulless eyes make it look like, what I would imagine, someone's creepypasta creation",,,
food_beverage_ad,https://www.youtube.com/watch?v=Yy6fByUmPuE,Yy6fByUmPuE,33,"pepsi, you have the huge opportunity to roast the shit out of coca cola right now",,,
food_beverage_ad,https://www.youtube.com/watch?v=Yy6fByUmPuE,Yy6fByUmPuE,34,Nothing quite brings holiday cheer like replacing employees with AI slop.,,,
food_beverage_ad,https://www.youtube.com/watch?v=Yy6fByUmPuE,Yy6fByUmPuE,35,This feels like a Facebook mum post,,,
food_beverage_ad,https://www.youtube.com/watch?v=Yy6fByUmPuE,Yy6fByUmPuE,36,Man. This is something that would play in cyberpunk 2077,,,
food_beverage_ad,https://www.youtube.com/watch?v=Yy6fByUmPuE,Yy6fByUmPuE,37,HOW MANY TIMES ARE WE GONNA HAVE TO TEACH YOU THIS LESSON OLD MAN?,,,
food_beverage_ad,https://www.youtube.com/watch?v=Yy6fByUmPuE,Yy6fByUmPuE,38,"The sad thing is that even the plot of the commercial was limited by Al. It's obvious they started with ""What's the easiest way to hide the limitations of the tech?"" Instead of ""what would make a memorable Christmas commercial?"" And were forced to constantly change animals and locations because if they stuck with the iconic polar bears, there's no way the design model would stay anywhere close enough to keep even the general public from picking up on it. This is how creativity dies. We're in the darkest timeline, aren't we?",,,
food_beverage_ad,https://www.youtube.com/watch?v=Yy6fByUmPuE,Yy6fByUmPuE,39,Reading these negative comments against AI makes me realize there is still hope for humanity,,,
food_beverage_ad,https://www.youtube.com/watch?v=Yy6fByUmPuE,Yy6fByUmPuE,40,"now i can steal this ad and upload it on my own channel, even if it isn’t christmas",,,
food_beverage_ad,https://www.youtube.com/watch?v=Yy6fByUmPuE,Yy6fByUmPuE,41,Greatest Pepsi advert ever.,,,
food_beverage_ad,https://www.youtube.com/watch?v=Yy6fByUmPuE,Yy6fByUmPuE,42,10k coca-cola employees were forced to like this video,,,
food_beverage_ad,https://www.youtube.com/watch?v=Yy6fByUmPuE,Yy6fByUmPuE,43,"""They really liked last year's commercials, so let's copy and paste that prompt again and call it a holiday.""",,,
food_beverage_ad,https://www.youtube.com/watch?v=Yy6fByUmPuE,Yy6fByUmPuE,44,'real magic' is crazy 😭🙏,,,
food_beverage_ad,https://www.youtube.com/watch?v=Yy6fByUmPuE,Yy6fByUmPuE,45,I’ve seen more soul in a Windows XP screensaver,,,
food_beverage_ad,https://www.youtube.com/watch?v=Yy6fByUmPuE,Yy6fByUmPuE,46,Nothing says “holiday spirit” like laying off your whole graphic arts department in the name of “moving forward and pushing the envelope”!,,,
food_beverage_ad,https://www.youtube.com/watch?v=Yy6fByUmPuE,Yy6fByUmPuE,47,A company worth billions with a slop ad like this gets bodied by a french supermarket’s ad,,,
food_beverage_ad,https://www.youtube.com/watch?v=Yy6fByUmPuE,Yy6fByUmPuE,48,"With the recent news of AI content not being eligible for copyright protection, it would be a hilarious power-move for Pepsi to just take this commercial and just slap the Pepsi logo over the Coke logo when it appears.",,,
food_beverage_ad,https://www.youtube.com/watch?v=Yy6fByUmPuE,Yy6fByUmPuE,49,Keep in mind that it's a small company. It can't afford to pay real people.,,,
food_beverage_ad,https://www.youtube.com/watch?v=Yy6fByUmPuE,Yy6fByUmPuE,50,So… anybody feel like a Pepsi?,,,
fast_food_brand,https://www.youtube.com/watch?v=79phlhutGLg,79phlhutGLg,1,why does he sound like he completely dies and becomes depressed at the end,,,
fast_food_brand,https://www.youtube.com/watch?v=79phlhutGLg,79phlhutGLg,2,"For me, it's the McChicken. The best fast food sandwich. I even ask for extra McChicken sauce packets and the staff is so friendly and more than willing to oblige. One time I asked for McChicken sauce packets and they gave me three. I said, ""Wow, three for free!"" and the nice friendly McDonald's worker laughed and said, ""I'm going to call you 3-for-free!"". Now the staff greets me with ""hey it's 3-for-free!"" and ALWAYS give me three packets. It's such a fun and cool atmosphere at my local McDonald's restaurant, I go there at least 3 times a week for lunch and a large iced coffee with milk instead of cream, 1-2 times for breakfast on the weekend, and maybe once for dinner when I'm in a rush but want a great meal that is affordable, fast, and can match my daily nutritional needs. I even dip my fries in McChicken sauce, it's delicious! What a great restaurant.",,,
fast_food_brand,https://www.youtube.com/watch?v=79phlhutGLg,79phlhutGLg,3,I wish they would bring back the 80s style McDonald's ads with all those characters,,,
fast_food_brand,https://www.youtube.com/watch?v=79phlhutGLg,79phlhutGLg,4,Bro is zesty 😂,,,
fast_food_brand,https://www.youtube.com/watch?v=79phlhutGLg,79phlhutGLg,5,This sounds like freedom 🦅,,,
fast_food_brand,https://www.youtube.com/watch?v=79phlhutGLg,79phlhutGLg,6,the big backs be rubbing their hands rn,,,
fast_food_brand,https://www.youtube.com/watch?v=79phlhutGLg,79phlhutGLg,7,the guy on nat geo 😂,,,
fast_food_brand,https://www.youtube.com/watch?v=79phlhutGLg,79phlhutGLg,8,0:13 That theme song is funny,,,
fast_food_brand,https://www.youtube.com/watch?v=79phlhutGLg,79phlhutGLg,9,Is no one gonna talk about how the barabubapu just sounds lame,,,
fast_food_brand,https://www.youtube.com/watch?v=79phlhutGLg,79phlhutGLg,10,Can we get a wholesome anime commercial too? That would be awesome!,,,
fast_food_brand,https://www.youtube.com/watch?v=79phlhutGLg,79phlhutGLg,11,Thats really good since a start with fod service dashs.,,,
fast_food_brand,https://www.youtube.com/watch?v=79phlhutGLg,79phlhutGLg,12,I love this ad,,,
fast_food_brand,https://www.youtube.com/watch?v=79phlhutGLg,79phlhutGLg,13,mmmmmm i'd love to see a mcdonalds ad even when i'm not signed in to my account,,,
fast_food_brand,https://www.youtube.com/watch?v=79phlhutGLg,79phlhutGLg,14,It's those of us still waiting for ya'll to bring back beef tallow.,,,
fast_food_brand,https://www.youtube.com/watch?v=79phlhutGLg,79phlhutGLg,15,The narrator is the guy who played the first Hannibal Lector in the manhunter. Eat that lol,,,
fast_food_brand,https://www.youtube.com/watch?v=79phlhutGLg,79phlhutGLg,16,I can't believe the price of this just went up again. I'm taking my cash to BK!,,,
fast_food_brand,https://www.youtube.com/watch?v=79phlhutGLg,79phlhutGLg,17,"Oh mcdonald's,how I miss you.I am in a country witch doesn't have mcdonald's😢.",,,
fast_food_brand,https://www.youtube.com/watch?v=79phlhutGLg,79phlhutGLg,18,"Ba da ba ba ba, I'm lovin' it!",,,
fast_food_brand,https://www.youtube.com/watch?v=79phlhutGLg,79phlhutGLg,19,I want to make World Famous Fries.,,,
fast_food_brand,https://www.youtube.com/watch?v=79phlhutGLg,79phlhutGLg,20,Now I want some..,,,
fast_food_brand,https://www.youtube.com/watch?v=79phlhutGLg,79phlhutGLg,21,😋 🍟 Fries! 🍟 😋,,,
fast_food_brand,https://www.youtube.com/watch?v=79phlhutGLg,79phlhutGLg,22,McDonalds is so good I get their happy meal,,,
fast_food_brand,https://www.youtube.com/watch?v=79phlhutGLg,79phlhutGLg,23,Get that paycheck BABYYY!.🎉,,,
fast_food_brand,https://www.youtube.com/watch?v=79phlhutGLg,79phlhutGLg,24,Make the grimace cookie,,,
fast_food_brand,https://www.youtube.com/watch?v=79phlhutGLg,79phlhutGLg,25,"bro stop making us fat ""Bro, please stop making us gain weight."" 🤰🤰🤰",,,
fast_food_brand,https://www.youtube.com/watch?v=79phlhutGLg,79phlhutGLg,26,Fries 🍟🍟🍟,,,
fast_food_brand,https://www.youtube.com/watch?v=79phlhutGLg,79phlhutGLg,27,McDonald's needs a new slogan. I'm Lovin' It! has been around for 22 years. McDonalds: Smiles Served Daily,,,
fast_food_brand,https://www.youtube.com/watch?v=79phlhutGLg,79phlhutGLg,28,Cool,,,
fast_food_brand,https://www.youtube.com/watch?v=79phlhutGLg,79phlhutGLg,29,I love mc donalds,,,
fast_food_brand,https://www.youtube.com/watch?v=79phlhutGLg,79phlhutGLg,30,Wilfred Mountain,,,
fast_food_brand,https://www.youtube.com/watch?v=79phlhutGLg,79phlhutGLg,31,❤,,,
fast_food_brand,https://www.youtube.com/watch?v=79phlhutGLg,79phlhutGLg,32,Can anyone tell me that bg music?,,,
fast_food_brand,https://www.youtube.com/watch?v=79phlhutGLg,79phlhutGLg,33,I like it,,,
fast_food_brand,https://www.youtube.com/watch?v=79phlhutGLg,79phlhutGLg,34,Can you make a commercial they own onion rings in starting October 18 2024 in USA and Alaskan McDonald’s too.,,,
fast_food_brand,https://www.youtube.com/watch?v=79phlhutGLg,79phlhutGLg,35,Rap cowbell warriors at 150% speed I’m begging you plss,,,
fast_food_brand,https://www.youtube.com/watch?v=79phlhutGLg,79phlhutGLg,36,🍕,,,
fast_food_brand,https://www.youtube.com/watch?v=79phlhutGLg,79phlhutGLg,37,Jet ski❤,,,
fast_food_brand,https://www.youtube.com/watch?v=79phlhutGLg,79phlhutGLg,38,Berniece Crossing,,,
fast_food_brand,https://www.youtube.com/watch?v=79phlhutGLg,79phlhutGLg,39,Treutel Bridge,,,
fast_food_brand,https://www.youtube.com/watch?v=79phlhutGLg,79phlhutGLg,40,I feel I've been waiting for years for this ad campaign to end because I hate the Bada-da-da-dumb at the end so much.,,,
fast_food_brand,https://www.youtube.com/watch?v=79phlhutGLg,79phlhutGLg,41,103 Effertz Road,,,
fast_food_brand,https://www.youtube.com/watch?v=79phlhutGLg,79phlhutGLg,42,Do you still got the grimace shake? McDonald’s😢 pleased you got it tell me McDonald’s please I said please please,,,
fast_food_brand,https://www.youtube.com/watch?v=79phlhutGLg,79phlhutGLg,43,Naw man 😂,,,
fast_food_brand,https://www.youtube.com/watch?v=79phlhutGLg,79phlhutGLg,44,mija u own,,,
fast_food_brand,https://www.youtube.com/watch?v=79phlhutGLg,79phlhutGLg,45,😍😍😍,,,
fast_food_brand,https://www.youtube.com/watch?v=79phlhutGLg,79phlhutGLg,46,1773 Steuber Drives,,,
fast_food_brand,https://www.youtube.com/watch?v=79phlhutGLg,79phlhutGLg,47,I've never eaten better fries.,,,
fast_food_brand,https://www.youtube.com/watch?v=79phlhutGLg,79phlhutGLg,48,"i want mac tonight back, what is this",,,
fast_food_brand,https://www.youtube.com/watch?v=79phlhutGLg,79phlhutGLg,49,Thx to the potatoman Jonas Alströmmer😊,,,
fast_food_brand,https://www.youtube.com/watch?v=79phlhutGLg,79phlhutGLg,50,i just want ads of fries. No more others.,,,
beauty_campaign,https://www.youtube.com/watch?v=JNYjRmNCu9o,JNYjRmNCu9o,1,namiss ko yung mga ganitong commecial ng DOVE. kahit di ako babae...grabeh yung message nakaka uplift! wow.,,,
beauty_campaign,https://www.youtube.com/watch?v=JNYjRmNCu9o,JNYjRmNCu9o,2,"Thank you so much, Dove, for letting me be a part of your campaign! - Patricia",,,
beauty_campaign,https://www.youtube.com/watch?v=JNYjRmNCu9o,JNYjRmNCu9o,3,My mom was really inspired by this commercial and she's wondering how she can be a part of this campaign :D,,,
beauty_campaign,https://www.youtube.com/watch?v=JNYjRmNCu9o,JNYjRmNCu9o,4,"Life is a lot more better when the truly beautiful are noticed. Dove, cheers.",,,
beauty_campaign,https://www.youtube.com/watch?v=JNYjRmNCu9o,JNYjRmNCu9o,5,The best advertisement I've watched this year! I love it!,,,
beauty_campaign,https://www.youtube.com/watch?v=JNYjRmNCu9o,JNYjRmNCu9o,6,i love this ads.. modern filipina.. thank you for this ads..,,,
beauty_campaign,https://www.youtube.com/watch?v=JNYjRmNCu9o,JNYjRmNCu9o,7,I love dove...,,,
beauty_campaign,https://www.youtube.com/watch?v=JNYjRmNCu9o,JNYjRmNCu9o,8,"""Magaganda ang mga Pinay.."" Props to the ad people who made your campaign..",,,
beauty_campaign,https://www.youtube.com/watch?v=JNYjRmNCu9o,JNYjRmNCu9o,9,#RealBeautyIsUniversal After a long tiring day this really made me inspired. thank you for reminding me the definition of a real beauty,,,
beauty_campaign,https://www.youtube.com/watch?v=JNYjRmNCu9o,JNYjRmNCu9o,10,"OMG, i never knew how Good multimillion companys are",,,
beauty_campaign,https://www.youtube.com/watch?v=JNYjRmNCu9o,JNYjRmNCu9o,11,I love this TV Ad so much!,,,
beauty_campaign,https://www.youtube.com/watch?v=JNYjRmNCu9o,JNYjRmNCu9o,12,"Is it a coincidence that Dove cream who celebrate 10 years of 'real beauty' are owned by Unilever, the world's biggest ice cream manufacturer?",,,
beauty_campaign,https://www.youtube.com/watch?v=JNYjRmNCu9o,JNYjRmNCu9o,13,real beauty is found within,,,
beauty_campaign,https://www.youtube.com/watch?v=JNYjRmNCu9o,JNYjRmNCu9o,14,"I hear the sound the ""didididdidg"" Like the nokia destiny",,,
beauty_campaign,https://www.youtube.com/watch?v=JNYjRmNCu9o,JNYjRmNCu9o,15,Patama talaga ito sa miss universe beauty pageant... Hahaha..,,,
beauty_campaign,https://www.youtube.com/watch?v=JNYjRmNCu9o,JNYjRmNCu9o,16,Good job Dove,,,
beauty_campaign,https://www.youtube.com/watch?v=JNYjRmNCu9o,JNYjRmNCu9o,17,"I only use dove but I don't see myself, black",,,
beauty_campaign,https://www.youtube.com/watch?v=JNYjRmNCu9o,JNYjRmNCu9o,18,nice visual and message also!,,,
beauty_campaign,https://www.youtube.com/watch?v=JNYjRmNCu9o,JNYjRmNCu9o,19,what name that girl from 30-32 second?,,,
beauty_campaign,https://www.youtube.com/watch?v=JNYjRmNCu9o,JNYjRmNCu9o,20,what's the name of the girl in the 5th who has curly hair and tan/brown skin????,,,
beauty_campaign,https://www.youtube.com/watch?v=JNYjRmNCu9o,JNYjRmNCu9o,21,"so inspiring, thank you Dove Ph! 😊😊😊",,,
beauty_campaign,https://www.youtube.com/watch?v=JNYjRmNCu9o,JNYjRmNCu9o,22,What is the title of the song?,,,
beauty_campaign,https://www.youtube.com/watch?v=JNYjRmNCu9o,JNYjRmNCu9o,23,can I know what is the name with the girl with blue and green hair?.,,,
beauty_campaign,https://www.youtube.com/watch?v=JNYjRmNCu9o,JNYjRmNCu9o,24,Can somebody pls tell me whats the name of the song?,,,
beauty_campaign,https://www.youtube.com/watch?v=JNYjRmNCu9o,JNYjRmNCu9o,25,Nice dove...,,,
beauty_campaign,https://www.youtube.com/watch?v=JNYjRmNCu9o,JNYjRmNCu9o,26,2024?,,,
beauty_campaign,https://www.youtube.com/watch?v=JNYjRmNCu9o,JNYjRmNCu9o,27,"thanks for this inspiring video.. shoutout to all curvy, pierced and tattooed women 😊",,,
beauty_campaign,https://www.youtube.com/watch?v=JNYjRmNCu9o,JNYjRmNCu9o,28,I love this commercial so much.,,,
beauty_campaign,https://www.youtube.com/watch?v=JNYjRmNCu9o,JNYjRmNCu9o,29,"Interestingly, not a single black woman in this video.",,,
beauty_campaign,https://www.youtube.com/watch?v=JNYjRmNCu9o,JNYjRmNCu9o,30,auto play ads 👎👎👎,,,
beauty_campaign,https://www.youtube.com/watch?v=JNYjRmNCu9o,JNYjRmNCu9o,31,"Yall im pretty sure i see a couple black people in this ad they just aren’t a deep complexion they def could’ve changed that though, but there’s some black people in it.",,,
beauty_campaign,https://www.youtube.com/watch?v=JNYjRmNCu9o,JNYjRmNCu9o,32,what?,,,
beauty_campaign,https://www.youtube.com/watch?v=JNYjRmNCu9o,JNYjRmNCu9o,33,Beautiful ads.,,,
beauty_campaign,https://www.youtube.com/watch?v=JNYjRmNCu9o,JNYjRmNCu9o,34,Nice dove,,,
beauty_campaign,https://www.youtube.com/watch?v=JNYjRmNCu9o,JNYjRmNCu9o,35,the universe has so much more 💕💞🙌,,,
beauty_campaign,https://www.youtube.com/watch?v=JNYjRmNCu9o,JNYjRmNCu9o,36,"Your work is nothing short of extraordinary; much like a book I read that shared these themes. ""Your Body Your Temple"" by Sophia Wintergreen",,,
beauty_campaign,https://www.youtube.com/watch?v=JNYjRmNCu9o,JNYjRmNCu9o,37,All some sauce.,,,
beauty_campaign,https://www.youtube.com/watch?v=JNYjRmNCu9o,JNYjRmNCu9o,38,Ang cute talaga ni colored hair ate.,,,
beauty_campaign,https://www.youtube.com/watch?v=JNYjRmNCu9o,JNYjRmNCu9o,39,Thank you for your inspiring commercial. #PinayRealBeauties,,,
beauty_campaign,https://www.youtube.com/watch?v=JNYjRmNCu9o,JNYjRmNCu9o,40,"As a black woman, I don’t see my self represented here. Let inclusivity and Diversity Prevail!!!",,,
beauty_campaign,https://www.youtube.com/watch?v=JNYjRmNCu9o,JNYjRmNCu9o,41,WHERE ARE THE AFRICAN-AMERICAN WOMEN IN THIS VIDEO? WE ARE BEAUTIFUL TOO!,,,
beauty_campaign,https://www.youtube.com/watch?v=JNYjRmNCu9o,JNYjRmNCu9o,42,Michiko 💕💕,,,
beauty_campaign,https://www.youtube.com/watch?v=JNYjRmNCu9o,JNYjRmNCu9o,43,"GET THERE THIS IS REAL WORLD BUSINESS PEOPLE 3LW P,ATIM ARTIST FOR BAD BOY ADRIEN IS BAD BOY",,,
beauty_campaign,https://www.youtube.com/watch?v=JNYjRmNCu9o,JNYjRmNCu9o,44,How to be part of your campaign?,,,
beauty_campaign,https://www.youtube.com/watch?v=JNYjRmNCu9o,JNYjRmNCu9o,45,B,,,
beauty_campaign,https://www.youtube.com/watch?v=JNYjRmNCu9o,JNYjRmNCu9o,46,thank you Dove for including a muslim woman in your ad but we would appreciate more if you can focus on her a little bit longer like the rest of the models where they have longer exposure and even have twice or thrice different shots.,,,
beauty_campaign,https://www.youtube.com/watch?v=JNYjRmNCu9o,JNYjRmNCu9o,47,"Mrs. Statik, ate Michiko... congratulations ^_^ -chucky",,,
beauty_campaign,https://www.youtube.com/watch?v=JNYjRmNCu9o,JNYjRmNCu9o,48,x k,,,
beauty_campaign,https://www.youtube.com/watch?v=JNYjRmNCu9o,JNYjRmNCu9o,49,This is racist nonsense. Not one black person. I'm a black goth metalhead. I don't see any poc on here. Therefore this commercial doesn't live up to it's motto entirely.,,,
beauty_campaign,https://www.youtube.com/watch?v=JNYjRmNCu9o,JNYjRmNCu9o,50,"But you forgot the dark ones, African blood! Dove impossibly can be racist, but how can this happen???",,,
movie_trailer_joy,https://www.youtube.com/watch?v=LEjhY15eCx0,LEjhY15eCx0,1,"Emotional baggage Bottled emotions The SarCasm! The amount of literal emotional jokes in the trailer alone is insane! This gonna be epic, props to the writers!",,,
movie_trailer_joy,https://www.youtube.com/watch?v=LEjhY15eCx0,LEjhY15eCx0,2,The brilliance of Anxiety having lots of baggage… pure brilliance…,,,
movie_trailer_joy,https://www.youtube.com/watch?v=LEjhY15eCx0,LEjhY15eCx0,3,"“Welp, that’s a preview of the next 10 years” That absolutely had me on the floor",,,
movie_trailer_joy,https://www.youtube.com/watch?v=LEjhY15eCx0,LEjhY15eCx0,4,This movie made me sad but also felt so much compassion Is funny how A movie that's about emotions can make you feel emotional,,,
movie_trailer_joy,https://www.youtube.com/watch?v=LEjhY15eCx0,LEjhY15eCx0,5,i love how the bottling up emotions metaphor is as literal as it could possibly get,,,
movie_trailer_joy,https://www.youtube.com/watch?v=LEjhY15eCx0,LEjhY15eCx0,6,"So in this movie they're gonna show how ""anxiety"" in every person can literally wish the best for yourself but only give the worst sometimes...interesting and also the envy is so cute",,,
movie_trailer_joy,https://www.youtube.com/watch?v=LEjhY15eCx0,LEjhY15eCx0,7,"The way Anxiety said that her job is to ""plan for the future"" is soo accurate realistically, always trying to predict future situations at the expense of wasting time in present reality.",,,
movie_trailer_joy,https://www.youtube.com/watch?v=LEjhY15eCx0,LEjhY15eCx0,8,This movie is going to do healing for generations that were raised without the ability or knowledge of how or what emotions are.,,,
movie_trailer_joy,https://www.youtube.com/watch?v=LEjhY15eCx0,LEjhY15eCx0,9,Inside out has all the potential to be pixar’s smartest written saga,,,
movie_trailer_joy,https://www.youtube.com/watch?v=LEjhY15eCx0,LEjhY15eCx0,10,I like the detail that envy is small because it makes you feel small and embarrassment is big because you feel like you're super noticable,,,
movie_trailer_joy,https://www.youtube.com/watch?v=LEjhY15eCx0,LEjhY15eCx0,11,"1:41 ""we are suppressed EMOTIONS"" best line ever prove me wrong",,,
movie_trailer_joy,https://www.youtube.com/watch?v=LEjhY15eCx0,LEjhY15eCx0,12,Can you believe that this movie is already a year old!,,,
movie_trailer_joy,https://www.youtube.com/watch?v=LEjhY15eCx0,LEjhY15eCx0,13,"0:41 ""oh yeah, not happening"" she's such a mood",,,
movie_trailer_joy,https://www.youtube.com/watch?v=LEjhY15eCx0,LEjhY15eCx0,14,"1:37 i love how they used the expression ""bottling up emotions"" literally.",,,
movie_trailer_joy,https://www.youtube.com/watch?v=LEjhY15eCx0,LEjhY15eCx0,15,I cried when watching this. Every bit of us is equally important. Thank you for making such an amazing movie,,,
movie_trailer_joy,https://www.youtube.com/watch?v=LEjhY15eCx0,LEjhY15eCx0,16,Sadness being drawn to Embarrassment is adorable 🫶,,,
movie_trailer_joy,https://www.youtube.com/watch?v=LEjhY15eCx0,LEjhY15eCx0,17,"I love how Riley's mom doesn't have those extra emotions, meaning she grew out of them and she's comfortable showing her basic emotions without overthinking stuff.",,,
movie_trailer_joy,https://www.youtube.com/watch?v=LEjhY15eCx0,LEjhY15eCx0,18,0:52 Okay but it's really cute how Disgust is holding Envy lol,,,
movie_trailer_joy,https://www.youtube.com/watch?v=LEjhY15eCx0,LEjhY15eCx0,19,Happy one year anniversary to inside out two,,,
movie_trailer_joy,https://www.youtube.com/watch?v=LEjhY15eCx0,LEjhY15eCx0,20,"I love how you can tell Riley through her design that she still has her happy core, but that she's clearly growing up, too",,,
movie_trailer_joy,https://www.youtube.com/watch?v=LEjhY15eCx0,LEjhY15eCx0,21,"This is the perfect representation of a teen going through puberty. the fact that their emotions are all over the place (literally) as well as their emotions being bottled up, causing them to feel more anxiety, and depression, rather than their usual self. puberty sucks, and it's fun seeing it turned into a physical representation. Edit: for people who are saying ""thanks for stating the obvious"" i KNOW i am stating the obvious, i am just pointing out my respect for it. calm down.",,,
movie_trailer_joy,https://www.youtube.com/watch?v=LEjhY15eCx0,LEjhY15eCx0,22,"my favorite scene from the movie was a pretty insubstantial one- the scene where riley is walking with the new hockey team without her friends and trying to fit in, but she doesn’t know where to look or what to do with her hands. that was scarily relatable as someone who is socially anxious.",,,
movie_trailer_joy,https://www.youtube.com/watch?v=LEjhY15eCx0,LEjhY15eCx0,23,"If this is as much of an emotional rollercoaster as the first one, I'm not hydrated enough for the tears this time around.",,,
movie_trailer_joy,https://www.youtube.com/watch?v=LEjhY15eCx0,LEjhY15eCx0,24,Inside Out 2 makes more sense than a lot of other recent Disney sequels and remakes! Looks like another emotional roller coaster!,,,
movie_trailer_joy,https://www.youtube.com/watch?v=LEjhY15eCx0,LEjhY15eCx0,25,"Love how all the 5 emotions got off the headquarters this time, it must be really cool to watch them explore the same things Joy and Sadness did",,,
movie_trailer_joy,https://www.youtube.com/watch?v=LEjhY15eCx0,LEjhY15eCx0,26,*THIS MOVIE SERIOUSLY HELPED ME WITH MY ANXIETY* 😭😭😭😭😭😭😭😭😭😭😭😭😭😭😭,,,
movie_trailer_joy,https://www.youtube.com/watch?v=LEjhY15eCx0,LEjhY15eCx0,27,Inside Out is one of those Disney movies where a sequel actually makes sense and could work very well,,,
movie_trailer_joy,https://www.youtube.com/watch?v=LEjhY15eCx0,LEjhY15eCx0,28,"You can see that Anxiety is the villain not because she is bad, but because she somehow wanted the best for Riley and did what she did with her main emotions. Perhaps just as Joy realized that she needed to give space to all the emotions in the first film, Anxiety learns something similar in this one, that there are no more sophisticated emotions and that without the main ones, she and the other 3 are completely useless.",,,
movie_trailer_joy,https://www.youtube.com/watch?v=LEjhY15eCx0,LEjhY15eCx0,29,"I love how the older emotions are just, not, used to being ""older."" The newer ones react more throughout their choices. ""Riley's life needs more sophisticated emotions then all of you,"" is just perfect",,,
movie_trailer_joy,https://www.youtube.com/watch?v=LEjhY15eCx0,LEjhY15eCx0,30,"Im an adult who struggles with anxiety and even tho i consider myself quite emotionally intelligent and aware of my emotions, this movie was quite thought provoking, very eye-opening and so very well put and represented!! And funny at the same time, but also deep, wish i had seen this movie younger.... i cried so much watching this and this younger generation of kids are blessed to grow up with movies about emotions ❤🙏",,,
movie_trailer_joy,https://www.youtube.com/watch?v=LEjhY15eCx0,LEjhY15eCx0,31,I hope that Brazilian helicopter pilot from Riley’s mom’s flashback makes an in person cameo in this one.,,,
movie_trailer_joy,https://www.youtube.com/watch?v=LEjhY15eCx0,LEjhY15eCx0,32,0:45 0:53 I feel like Envy and Disgust will have a Big Sister/ Little Sister relationship because they both look similar and seeing Disgust hold Envy is just too adorable.,,,
movie_trailer_joy,https://www.youtube.com/watch?v=LEjhY15eCx0,LEjhY15eCx0,33,1:15 ANXIETY WAS SO REAL FOR THAT.,,,
movie_trailer_joy,https://www.youtube.com/watch?v=LEjhY15eCx0,LEjhY15eCx0,34,"Pixar's challenges always make me excited. I hope movies like this continue to come out in the future, including Inside Out 3!",,,
movie_trailer_joy,https://www.youtube.com/watch?v=LEjhY15eCx0,LEjhY15eCx0,35,“Have I ever steered you wrong before??” “Yes. Many times.”,,,
movie_trailer_joy,https://www.youtube.com/watch?v=LEjhY15eCx0,LEjhY15eCx0,36,I love how Anxiety’s bags can be interpreted literally as “Emotional Baggage”.,,,
movie_trailer_joy,https://www.youtube.com/watch?v=LEjhY15eCx0,LEjhY15eCx0,37,"When the ""We are suppressed emotions!"" The relatability of my high school years comes rushing back.",,,
movie_trailer_joy,https://www.youtube.com/watch?v=LEjhY15eCx0,LEjhY15eCx0,38,"I watched the full movie, and I can’t believe how much it made me cry!! The first one came out when I was younger and things were therefore a lot easier. This is the only movie I’ve ever watched that I can truly relate to, because it shows how messy growing up can be. Things get harder, you start to feel things you’ve never experienced before, like anxiety. But it’s also a good reminder to embrace all parts of yourself",,,
movie_trailer_joy,https://www.youtube.com/watch?v=LEjhY15eCx0,LEjhY15eCx0,39,Anxiety and embarrassment are going to create a lot of core memories.,,,
movie_trailer_joy,https://www.youtube.com/watch?v=LEjhY15eCx0,LEjhY15eCx0,40,That bit with the sar-chasm is absolutely brilliant,,,
movie_trailer_joy,https://www.youtube.com/watch?v=LEjhY15eCx0,LEjhY15eCx0,41,2:04 This is even worse emotional damage than that from the first movie Riley's mind is LITERALLY falling apart from the whirlwind of new emotions Genius little detail that really isn't so little,,,
movie_trailer_joy,https://www.youtube.com/watch?v=LEjhY15eCx0,LEjhY15eCx0,42,"For those of you who want to nitpick this movie, I am genuinely glad that this movie doesn’t resonate with you in the way it does to me. The particulars with which we struggle with our emotions, so unique to each of us - and I for one struggle with anxiety all the time - I feel that this is the best representation of emotion I’ve ever seen. so I would love to see you guys make a script that apparently does this better, but I have yet to see anything of substance that makes me feel so seen in a world that is ready to judge and criticize anyone that doesn’t measure up.",,,
movie_trailer_joy,https://www.youtube.com/watch?v=LEjhY15eCx0,LEjhY15eCx0,43,Anxiety suppressing the other emotions is genius. This looks incredible.,,,
movie_trailer_joy,https://www.youtube.com/watch?v=LEjhY15eCx0,LEjhY15eCx0,44,"One little detail i havnt seen anyone mention yet is that angers flame is smaller, because riley learned to manage her anger.",,,
movie_trailer_joy,https://www.youtube.com/watch?v=LEjhY15eCx0,LEjhY15eCx0,45,0:53 DISGUST HOLDING ENVY IS SO CUTE AWW,,,
movie_trailer_joy,https://www.youtube.com/watch?v=LEjhY15eCx0,LEjhY15eCx0,46,"One year ago this trailer is out... I remember how i was excited for the sequel to come out and well... Thank you Pixar for this absolute classic. This is another movie since original that made my cry, and i could talk for hours about why I love this universe. I cannot wait for third part and once again. Thank you Pixar for gave us a masterful of sequel",,,
movie_trailer_joy,https://www.youtube.com/watch?v=LEjhY15eCx0,LEjhY15eCx0,47,"0:53 The way Sadness called Embarrassment ""Big Fella"" is so adorable.",,,
movie_trailer_joy,https://www.youtube.com/watch?v=LEjhY15eCx0,LEjhY15eCx0,48,I watched inside out 1 when i was a kid and as a kid i liked it but inside out 2 got me crying it was deeper because of the new emotions. This movie was the BEST,,,
movie_trailer_joy,https://www.youtube.com/watch?v=LEjhY15eCx0,LEjhY15eCx0,49,"Envy and disgust are holding eachother, THATS SO ADORABLE 0:53",,,
movie_trailer_joy,https://www.youtube.com/watch?v=LEjhY15eCx0,LEjhY15eCx0,50,"Seeing Riley more grown up, going through puberty and experiencing that teenage experience is so emotional to me. I love the new emotions, because as a teenager it’s so accurate. I can’t wait to watch Inside Out 2 it looks so fun & exciting.",,,
entertainment_fandom,https://www.youtube.com/watch?v=TcMBFSGVi1c,TcMBFSGVi1c,1,Crazy how this is now 7 years old..,,,
entertainment_fandom,https://www.youtube.com/watch?v=TcMBFSGVi1c,TcMBFSGVi1c,2,This movie alone is why you can't replace movie theatres,,,
entertainment_fandom,https://www.youtube.com/watch?v=TcMBFSGVi1c,TcMBFSGVi1c,3,"“A thing isn’t beautiful, because it lasts.” - Vision",,,
entertainment_fandom,https://www.youtube.com/watch?v=TcMBFSGVi1c,TcMBFSGVi1c,4,"Today, it has been 7 years.",,,
entertainment_fandom,https://www.youtube.com/watch?v=TcMBFSGVi1c,TcMBFSGVi1c,5,“None of us can go back” That hits different now.,,,
entertainment_fandom,https://www.youtube.com/watch?v=TcMBFSGVi1c,TcMBFSGVi1c,6,The hype for this movie was truly a once in a lifetime experience. UPDATE: NO WAY HOME IS ABOUT TO BE THE SECOND ONCE IN A LIFETIME MOVIE EXPERIENCE THE UPDATE TO THE UPDATE: DOOMSDAY IS GOING TO BE THE THIRD ONCE IN A LIFETIME EXPERIENCE!,,,
entertainment_fandom,https://www.youtube.com/watch?v=TcMBFSGVi1c,TcMBFSGVi1c,7,"This trailer was a year ago, doesn’t feel like it.",,,
entertainment_fandom,https://www.youtube.com/watch?v=TcMBFSGVi1c,TcMBFSGVi1c,8,Coming back to this as I am tired of waiting for Doomsday Trailer,,,
entertainment_fandom,https://www.youtube.com/watch?v=TcMBFSGVi1c,TcMBFSGVi1c,9,"this wasn't a movie, it was an experience.",,,
entertainment_fandom,https://www.youtube.com/watch?v=TcMBFSGVi1c,TcMBFSGVi1c,10,"""The world has changed, and none of us can go back."" God this line hits different in 2021. The world really is a different place now than is was in 2019.",,,
entertainment_fandom,https://www.youtube.com/watch?v=TcMBFSGVi1c,TcMBFSGVi1c,11,"So, you’ve watched End Game and you’re rewatching the trailers.",,,
entertainment_fandom,https://www.youtube.com/watch?v=TcMBFSGVi1c,TcMBFSGVi1c,12,Life peaked here,,,
entertainment_fandom,https://www.youtube.com/watch?v=TcMBFSGVi1c,TcMBFSGVi1c,13,"Iron Man: ""gosh it seems like a thousand years ago"" Me watching Iron Man 1 day ago",,,
entertainment_fandom,https://www.youtube.com/watch?v=TcMBFSGVi1c,TcMBFSGVi1c,14,When you still remember each line of this trailer *I'm still worthy*,,,
entertainment_fandom,https://www.youtube.com/watch?v=TcMBFSGVi1c,TcMBFSGVi1c,15,2019: the World has changed 2021: the sacred timeline has changed,,,
entertainment_fandom,https://www.youtube.com/watch?v=TcMBFSGVi1c,TcMBFSGVi1c,16,Anyone watching this in May 2026 ?,,,
entertainment_fandom,https://www.youtube.com/watch?v=TcMBFSGVi1c,TcMBFSGVi1c,17,“God it seems like a thousand years ago” Feels like a thousand years since the hype for this movie😔 Bring me back,,,
entertainment_fandom,https://www.youtube.com/watch?v=TcMBFSGVi1c,TcMBFSGVi1c,18,"Avengers : *Whatever It Takes* Eternals : *Yeah, Whatever*",,,
entertainment_fandom,https://www.youtube.com/watch?v=TcMBFSGVi1c,TcMBFSGVi1c,19,it's hard to believe that this is almost 2 years old already,,,
entertainment_fandom,https://www.youtube.com/watch?v=TcMBFSGVi1c,TcMBFSGVi1c,20,2019 still feels like yesterday. Weird how time is in the 2020s.,,,
entertainment_fandom,https://www.youtube.com/watch?v=TcMBFSGVi1c,TcMBFSGVi1c,21,"""Part of the journey is the end"" - Tony Stark",,,
entertainment_fandom,https://www.youtube.com/watch?v=TcMBFSGVi1c,TcMBFSGVi1c,22,"""Whatever it takes"" will forever be iconic.",,,
entertainment_fandom,https://www.youtube.com/watch?v=TcMBFSGVi1c,TcMBFSGVi1c,23,I really miss this movie so much. That time when I watched this movie on theatres with full of people and the crowd went crazy during epic fights.,,,
entertainment_fandom,https://www.youtube.com/watch?v=TcMBFSGVi1c,TcMBFSGVi1c,24,Here after Arsenal won the Premier League ❤😊,,,
entertainment_fandom,https://www.youtube.com/watch?v=TcMBFSGVi1c,TcMBFSGVi1c,25,Tony and Natasha saying “Whatever it takes” hits different now,,,
entertainment_fandom,https://www.youtube.com/watch?v=TcMBFSGVi1c,TcMBFSGVi1c,26,The avengers pulled out the biggest uno reverse card in history.,,,
entertainment_fandom,https://www.youtube.com/watch?v=TcMBFSGVi1c,TcMBFSGVi1c,27,Endgame was one of those movies that actually felt like a special event. It's pretty rare even among big budget films.,,,
entertainment_fandom,https://www.youtube.com/watch?v=TcMBFSGVi1c,TcMBFSGVi1c,28,"“Whatever it Takes!” 187 + 70 = 257 WHATEVER IT TAKES = BATTLE OF OF SAN JACINTO = JASON STOOD WATCH = (I stayed behind as the last watch, “they that are last shall be first”) TRUE I.D. OF LUKE 15:25 (Elder son in the Parable of the Prodigal Son) = THE PATTON HOUSE = PATTON’S 3RD ARMY =",,,
entertainment_fandom,https://www.youtube.com/watch?v=TcMBFSGVi1c,TcMBFSGVi1c,29,I really miss 2019. The hype around this movie. All the emotional goodbyes. So much has changed now,,,
entertainment_fandom,https://www.youtube.com/watch?v=TcMBFSGVi1c,TcMBFSGVi1c,30,"Thanos : ""I'm Inevitable."" Stan Lee : ""Don't Make Me Come Down There You Punk!""",,,
entertainment_fandom,https://www.youtube.com/watch?v=TcMBFSGVi1c,TcMBFSGVi1c,31,Infinity War Trailer : 243 Million Views. * *Thanos snaps* * Endgame Тrailer : 140 Million Views.,,,
entertainment_fandom,https://www.youtube.com/watch?v=TcMBFSGVi1c,TcMBFSGVi1c,32,Life peaked here.,,,
entertainment_fandom,https://www.youtube.com/watch?v=TcMBFSGVi1c,TcMBFSGVi1c,33,"My grandchildren: What’s the Avengers granny? Me, dramatically looking into the distance: *There was an idea...*",,,
entertainment_fandom,https://www.youtube.com/watch?v=TcMBFSGVi1c,TcMBFSGVi1c,34,Back when Marvel had us by the throat with just a logo and a heartbeat sound. MCU was never the same after Endgame.,,,
entertainment_fandom,https://www.youtube.com/watch?v=TcMBFSGVi1c,TcMBFSGVi1c,35,The Mcu is one of the reasons im happy to be born in the 21 century,,,
entertainment_fandom,https://www.youtube.com/watch?v=TcMBFSGVi1c,TcMBFSGVi1c,36,I'm gonna pretend I've just been in a coma 😂😂....gottq re watch this,,,
entertainment_fandom,https://www.youtube.com/watch?v=TcMBFSGVi1c,TcMBFSGVi1c,37,"THE CHILLS, THE HYPE, THE NOSTALGIA, THE CINEMA AUDIENCE, THIS MOVIE WAS TRULY A ONCE IN A LIFETIME EXPERIENCE.",,,
entertainment_fandom,https://www.youtube.com/watch?v=TcMBFSGVi1c,TcMBFSGVi1c,38,.,,,
entertainment_fandom,https://www.youtube.com/watch?v=TcMBFSGVi1c,TcMBFSGVi1c,39,I can’t get over how good the music is in this trailer and in the film,,,
entertainment_fandom,https://www.youtube.com/watch?v=TcMBFSGVi1c,TcMBFSGVi1c,40,Who's watching this 7 years after the first Avengers: Doomsday trailer?,,,
entertainment_fandom,https://www.youtube.com/watch?v=TcMBFSGVi1c,TcMBFSGVi1c,41,Watching this movie on its release day without ANY SPOILERS was one of the best experiences I had in my life.,,,
entertainment_fandom,https://www.youtube.com/watch?v=TcMBFSGVi1c,TcMBFSGVi1c,42,"When Thanos snapped, it damaged the gauntlet. When Tony snapped, it damaged my heart.",,,
entertainment_fandom,https://www.youtube.com/watch?v=TcMBFSGVi1c,TcMBFSGVi1c,43,Natasha: *Whatever it takes* Tony: *Whatever it takes* Now I understand....,,,
entertainment_fandom,https://www.youtube.com/watch?v=TcMBFSGVi1c,TcMBFSGVi1c,44,Me thinking this was the doomsday trailer 😭,,,
entertainment_fandom,https://www.youtube.com/watch?v=TcMBFSGVi1c,TcMBFSGVi1c,45,Sometimes I wish I could watch Endgame for the first time without knowing what was gonna happen.,,,
entertainment_fandom,https://www.youtube.com/watch?v=TcMBFSGVi1c,TcMBFSGVi1c,46,Those two years of infinty war and endgame was a real Hype😭,,,
entertainment_fandom,https://www.youtube.com/watch?v=TcMBFSGVi1c,TcMBFSGVi1c,47,Endgame trailer 1: Iron Man: Far from Home Endgame trailer 2: Iron Man: Homecoming,,,
entertainment_fandom,https://www.youtube.com/watch?v=TcMBFSGVi1c,TcMBFSGVi1c,48,"Peggy said the world changed in 70 years, I say the world changed in 7 years.",,,
entertainment_fandom,https://www.youtube.com/watch?v=TcMBFSGVi1c,TcMBFSGVi1c,49,"I can’t believe it’s been almost 5 years, I wish I could relive the hype for this movie again",,,
entertainment_fandom,https://www.youtube.com/watch?v=TcMBFSGVi1c,TcMBFSGVi1c,50,"Before Endgame: ""What'll Nat do, shoot Thanos?"" Post-Endgame: ""We Stan the queen.""",,,
brand_crisis_negative,https://www.youtube.com/watch?v=JVxCp22WatU,JVxCp22WatU,1,"If she does that where EVERYONE can see, I wonder what she does when no one is looking ( while on the clock)",,,
brand_crisis_negative,https://www.youtube.com/watch?v=JVxCp22WatU,JVxCp22WatU,2,I hope this video was forwarded to the local health department!,,,
brand_crisis_negative,https://www.youtube.com/watch?v=JVxCp22WatU,JVxCp22WatU,3,"Is she wearing a manager uniform too? That's beyond stupid, it's intentionally negligent.",,,
brand_crisis_negative,https://www.youtube.com/watch?v=JVxCp22WatU,JVxCp22WatU,4,😆 🤣 😂 she was sacrificing the mop to the fry gods 😆 🤣 😂,,,
brand_crisis_negative,https://www.youtube.com/watch?v=JVxCp22WatU,JVxCp22WatU,5,Time to call the McHealth inspector 😂,,,
brand_crisis_negative,https://www.youtube.com/watch?v=JVxCp22WatU,JVxCp22WatU,6,The worst part is it's actually one of the managers that are doing it not just a regular employee,,,
brand_crisis_negative,https://www.youtube.com/watch?v=JVxCp22WatU,JVxCp22WatU,7,"WTF, that's disgusting and disturbing 😮",,,
brand_crisis_negative,https://www.youtube.com/watch?v=JVxCp22WatU,JVxCp22WatU,8,That’s your local McDonald’s store manager demanding to be paid $75k a year…,,,
brand_crisis_negative,https://www.youtube.com/watch?v=JVxCp22WatU,JVxCp22WatU,9,Not just any McDonald’s worker… a McDonald’s manager 😂😂😂,,,
brand_crisis_negative,https://www.youtube.com/watch?v=JVxCp22WatU,JVxCp22WatU,10,The fact that no one is saying anything to her tells me they’re all nasty 🤮,,,
brand_crisis_negative,https://www.youtube.com/watch?v=JVxCp22WatU,JVxCp22WatU,11,"I worked at McDonald's and mopped the floor for many years. I never did this even once. There's ABSOLUTELY NO REASON TO DO THIS. You can dry the mop by squeezing and dry mopping the floor. Leave signs up for everyone walking. It will dry within 10 minutes. This is disgusting and DOWNRIGHT STUPID. You need to report them to the city immediately, that can poison the food.",,,
brand_crisis_negative,https://www.youtube.com/watch?v=JVxCp22WatU,JVxCp22WatU,12,"I wouldn't eat there, but boss lady is killing them McDonald's pants😅😅",,,
brand_crisis_negative,https://www.youtube.com/watch?v=JVxCp22WatU,JVxCp22WatU,13,"As a business owner, it still amazes me how in life it takes many talented people to grow your business, but just one idiot to damage it.",,,
brand_crisis_negative,https://www.youtube.com/watch?v=JVxCp22WatU,JVxCp22WatU,14,Clearly Ronald McDonald ain’t the only clown that works there,,,
brand_crisis_negative,https://www.youtube.com/watch?v=JVxCp22WatU,JVxCp22WatU,15,"Nah, don't hide her face she's not hiding what's she's doing!!! SMH 🤦‍♀️",,,
brand_crisis_negative,https://www.youtube.com/watch?v=JVxCp22WatU,JVxCp22WatU,16,"Jon Taffer just entered the Chat,”You Get the Hell outta here!” 😂",,,
brand_crisis_negative,https://www.youtube.com/watch?v=JVxCp22WatU,JVxCp22WatU,17,Employees just walking by like it’s a normal day though 🤢🤮,,,
brand_crisis_negative,https://www.youtube.com/watch?v=JVxCp22WatU,JVxCp22WatU,18,She should get fired. No common sense at all.,,,
brand_crisis_negative,https://www.youtube.com/watch?v=JVxCp22WatU,JVxCp22WatU,19,I hope someone contacted the health department. She needs to be fired and sued...unacceptable,,,
brand_crisis_negative,https://www.youtube.com/watch?v=JVxCp22WatU,JVxCp22WatU,20,absolutely do not hide her face. expose this person! tampering with a foodsource is a federal offense.,,,
brand_crisis_negative,https://www.youtube.com/watch?v=JVxCp22WatU,JVxCp22WatU,21,"That's freaking disgusting, the health department needs to shut that restaurant down",,,
brand_crisis_negative,https://www.youtube.com/watch?v=JVxCp22WatU,JVxCp22WatU,22,If you care about your health just cook your own food at home. You have no idea how bad some kitchens are,,,
brand_crisis_negative,https://www.youtube.com/watch?v=JVxCp22WatU,JVxCp22WatU,23,Whoever wrote the video title needs to stop coming to work high 😂,,,
brand_crisis_negative,https://www.youtube.com/watch?v=JVxCp22WatU,JVxCp22WatU,24,Newsome probably nodding his head in approval 😂😂😂😂😂,,,
brand_crisis_negative,https://www.youtube.com/watch?v=JVxCp22WatU,JVxCp22WatU,25,They should rethink the entire staff at that point..,,,
brand_crisis_negative,https://www.youtube.com/watch?v=JVxCp22WatU,JVxCp22WatU,26,When you're so high at work you don't know what the hell you're doing.,,,
brand_crisis_negative,https://www.youtube.com/watch?v=JVxCp22WatU,JVxCp22WatU,27,Refund and leave. Never come back. It's not worth the food poisoning.,,,
brand_crisis_negative,https://www.youtube.com/watch?v=JVxCp22WatU,JVxCp22WatU,28,"That ain't a mop, it's a dump truck 🎂",,,
brand_crisis_negative,https://www.youtube.com/watch?v=JVxCp22WatU,JVxCp22WatU,29,"the question isn't ""why is she drying the mop over food?"" The question is, ""WHY IS SHE DRYING THE MOP?""",,,
brand_crisis_negative,https://www.youtube.com/watch?v=JVxCp22WatU,JVxCp22WatU,30,The fact nobody else on staff is stopping her is concerning,,,
brand_crisis_negative,https://www.youtube.com/watch?v=JVxCp22WatU,JVxCp22WatU,31,She needs to be fired ASAP!!,,,
brand_crisis_negative,https://www.youtube.com/watch?v=JVxCp22WatU,JVxCp22WatU,32,Got that mcphatty,,,
brand_crisis_negative,https://www.youtube.com/watch?v=JVxCp22WatU,JVxCp22WatU,33,"That’s the manager also, what the hell is she thinking? Why is she doing that?",,,
brand_crisis_negative,https://www.youtube.com/watch?v=JVxCp22WatU,JVxCp22WatU,34,As if I needed another reason to avoid McDonalds.,,,
brand_crisis_negative,https://www.youtube.com/watch?v=JVxCp22WatU,JVxCp22WatU,35,There's literally no situation you need to dry a mop that bad.,,,
brand_crisis_negative,https://www.youtube.com/watch?v=JVxCp22WatU,JVxCp22WatU,36,This is literally every McDonald's. Ive worked there. Ive seen people defile food just because someone ordering had a little attitude.,,,
brand_crisis_negative,https://www.youtube.com/watch?v=JVxCp22WatU,JVxCp22WatU,37,"abc news cant even title their video properly. ""drying lamp under food heat lamps"" are you shitting me?",,,
brand_crisis_negative,https://www.youtube.com/watch?v=JVxCp22WatU,JVxCp22WatU,38,"I don’t care if she’s the boss, ceo, President of McDonald’s if no one calls her out and holds her accountable to her actions that were present with her on that day and saw, then they are all guilty of hurting the public, on top of it already being artery clogging food. 😩",,,
brand_crisis_negative,https://www.youtube.com/watch?v=JVxCp22WatU,JVxCp22WatU,39,"reminder for everyone to stop eating mcdonalds in 2024,",,,
brand_crisis_negative,https://www.youtube.com/watch?v=JVxCp22WatU,JVxCp22WatU,40,I love how she doesn’t even have on gloves… and right after prob went straight to stirrin the Big Mac sauce,,,
brand_crisis_negative,https://www.youtube.com/watch?v=JVxCp22WatU,JVxCp22WatU,41,There's something wrong with that lady if she sees nothing wrong with doing this.,,,
brand_crisis_negative,https://www.youtube.com/watch?v=JVxCp22WatU,JVxCp22WatU,42,"THAT RIGHT THERE IS A CODE VIOLATION,THAT WOULD SHUT THAT PLACE DOWN,DISGUSTING SHOW OF STUPIDITY",,,
brand_crisis_negative,https://www.youtube.com/watch?v=JVxCp22WatU,JVxCp22WatU,43,U CANNOT tell me that not even 1 drop of dirty mop water fell in the fries 🍟,,,
brand_crisis_negative,https://www.youtube.com/watch?v=JVxCp22WatU,JVxCp22WatU,44,“Drying lamp under foot heat lamps” ??? What?? 🤨 I swear mfs don’t proofread anymore,,,
brand_crisis_negative,https://www.youtube.com/watch?v=JVxCp22WatU,JVxCp22WatU,45,DISGUSTING! McDonald’s should be sued to high heaven to allow this right over food!,,,
brand_crisis_negative,https://www.youtube.com/watch?v=JVxCp22WatU,JVxCp22WatU,46,This B needs to be fired immediately!!!,,,
brand_crisis_negative,https://www.youtube.com/watch?v=JVxCp22WatU,JVxCp22WatU,47,Not only is the food killing you SMDH,,,
brand_crisis_negative,https://www.youtube.com/watch?v=JVxCp22WatU,JVxCp22WatU,48,"New fear unlocked ""mop fries"" 😭",,,
brand_crisis_negative,https://www.youtube.com/watch?v=JVxCp22WatU,JVxCp22WatU,49,She should be FIRED!! wtf????,,,
brand_crisis_negative,https://www.youtube.com/watch?v=JVxCp22WatU,JVxCp22WatU,50,"“1 McMop and 2 McBootyCheeks please, extra mcSauce while we’re at it chief”",,,
