video,video_short,comment_index,comment,manual_7_emotion,manual_3_sentiment,pretrained_7_emotion,finetuned_7_emotion,sentiment_pipeline_3,pretrained_7_match,finetuned_7_match,sentiment_3_match,domain_adapted_7_emotion,domain_adapted_7_match,previous_manual_7_emotion,previous_manual_3_sentiment,manual_label_changed,manual_review_note,manual_review_source,pretrained_7_score,finetuned_7_score,domain_adapted_7_score,samlowe_roberta_7_emotion,samlowe_roberta_7_score,samlowe_roberta_7_match,jhartmann_roberta_large_7_emotion,jhartmann_roberta_large_7_score,jhartmann_roberta_large_7_match,sentiment_pipeline_3_score,samlowe_roberta_adapted_7_emotion,samlowe_roberta_adapted_7_score,samlowe_roberta_adapted_7_match,jhartmann_distilroberta_adapted_7_emotion,jhartmann_distilroberta_adapted_7_score,jhartmann_distilroberta_adapted_7_match,lxyuan_sentiment_3,lxyuan_sentiment_3_score,lxyuan_sentiment_3_match,bertweet_sentiment_3,bertweet_sentiment_3_score,bertweet_sentiment_3_match,jhartmann_roberta_large_adapted_7_emotion,jhartmann_roberta_large_adapted_7_score,jhartmann_roberta_large_adapted_7_match
https://www.youtube.com/watch?v=d2dgJGkw5p0,rare_earths,1,Learn more: Why Rare Earths Are China’s Trump Card in Trade War - https://bloom.bg/4nG7F63,neutral,neutral,neutral,neutral,neutral,Yes,Yes,Yes,neutral,Yes,neutral,neutral,No,confirmed after assistant manual review,assistant_manual_review_2026-05-27,0.7637,0.992,0.6847,neutral,0.8639,Yes,neutral,0.7532,Yes,0.8981,neutral,0.9248,Yes,neutral,0.4012,Yes,positive,0.497,No,neu,0.9122,No,neutral,0.9311,Yes
https://www.youtube.com/watch?v=d2dgJGkw5p0,rare_earths,2,Funny how they complain they cannot bully China,anger,negative,neutral,joy,negative,No,No,Yes,joy,No,anger,negative,No,confirmed after assistant manual review,assistant_manual_review_2026-05-27,0.3571,0.715,0.6902,joy,0.7937,No,anger,0.3018,Yes,0.5937,anger,0.9043,Yes,joy,0.2941,No,negative,0.4035,Yes,neg,0.733,No,anger,0.75,Yes
https://www.youtube.com/watch?v=d2dgJGkw5p0,rare_earths,3,"Remember the US restricted sale of semiconductors to China, they responded by restricting sale of rare earth materials to the US. In the old days western countries dominated world trade, now that has shifted to Asia. The western powers must accept one thing, you can't dominate the world forever.",anger,negative,neutral,neutral,neutral,No,No,No,anger,Yes,anger,negative,No,confirmed after assistant manual review,assistant_manual_review_2026-05-27,0.6278,0.9938,0.7511,neutral,0.5912,No,neutral,0.6768,No,0.6248,neutral,0.9463,No,anger,0.8359,Yes,negative,0.4228,Yes,neu,0.8106,No,neutral,0.8621,No
https://www.youtube.com/watch?v=d2dgJGkw5p0,rare_earths,4,China is only using rare earth as geopolitical leverage in response to US using its dominance in semiconductor as geopolitical leverage.,neutral,neutral,neutral,neutral,neutral,Yes,Yes,Yes,neutral,Yes,neutral,neutral,No,confirmed after assistant manual review,assistant_manual_review_2026-05-27,0.9097,0.9936,0.8103,neutral,0.9322,Yes,neutral,0.7777,Yes,0.7369,neutral,0.9555,Yes,neutral,0.5736,Yes,positive,0.3908,No,neu,0.8834,No,neutral,0.9809,Yes
https://www.youtube.com/watch?v=d2dgJGkw5p0,rare_earths,5,China never used it as geopolitical leverage until it had to.,neutral,neutral,neutral,neutral,neutral,Yes,Yes,Yes,anger,No,neutral,neutral,No,confirmed after assistant manual review,assistant_manual_review_2026-05-27,0.9306,0.9934,0.4876,neutral,0.8851,Yes,neutral,0.6394,Yes,0.6133,neutral,0.9615,Yes,neutral,0.6689,Yes,neutral,0.3924,Yes,neu,0.698,No,neutral,0.9554,Yes
https://www.youtube.com/watch?v=d2dgJGkw5p0,rare_earths,6,You can restrict semiconductors and chips to China but China can't hold rare earth material,anger,negative,neutral,neutral,neutral,No,No,No,neutral,No,neutral,neutral,Yes,rhetorical criticism about policy double standard,assistant_manual_review_2026-05-27,0.9375,0.9936,0.9598,neutral,0.7272,No,neutral,0.9032,No,0.5127,anger,0.9125,Yes,neutral,0.8634,No,neutral,0.3864,No,neu,0.5917,No,neutral,0.9581,No
https://www.youtube.com/watch?v=d2dgJGkw5p0,rare_earths,7,Maybe not using your precious Rare earth on weapons. 😂,anger,negative,neutral,neutral,negative,No,No,Yes,disgust,No,neutral,neutral,Yes,sarcastic criticism of weapon use,assistant_manual_review_2026-05-27,0.8235,0.9941,0.4746,neutral,0.4415,No,neutral,0.688,No,0.5499,joy,0.9601,No,joy,0.7829,No,negative,0.3733,Yes,neu,0.5445,No,joy,0.9527,No
https://www.youtube.com/watch?v=d2dgJGkw5p0,rare_earths,8,"I remember learning in school back around 2000 that we in China had the rare earth deposits but our refining capability was so poor we could only export raw ore to countries like Japan, making a tiny profit in the whole value chain. Now watching this video i feel proud of my country and our people. We don't need to argue with others. Just do our job, improvise everyday and enjoy our lives. We dont need to envy or be afraid of the bullies.",joy,positive,joy,joy,neutral,Yes,Yes,No,joy,Yes,sadness,negative,Yes,dominant emotion is pride and positive national progress,assistant_manual_review_2026-05-27,0.9795,0.9307,0.9676,joy,0.2701,Yes,fear,0.4035,No,0.4598,joy,0.9224,Yes,joy,0.9261,Yes,positive,0.5281,Yes,pos,0.903,No,joy,0.6286,Yes
https://www.youtube.com/watch?v=d2dgJGkw5p0,rare_earths,9,"There is nothing rare about ""rare"" earths. Its the processing plants that are rare.",neutral,neutral,neutral,neutral,neutral,Yes,Yes,Yes,neutral,Yes,neutral,neutral,No,confirmed after assistant manual review,assistant_manual_review_2026-05-27,0.8214,0.9819,0.8324,neutral,0.8046,Yes,neutral,0.6947,Yes,0.617,neutral,0.8925,Yes,neutral,0.6701,Yes,neutral,0.5213,Yes,neu,0.8254,No,neutral,0.9449,Yes
https://www.youtube.com/watch?v=d2dgJGkw5p0,rare_earths,10,"US is always the one that starting the trouble, China just reacting. this REM case show that many times US start something without thinking everything. like so many other cases. when you started it, don't blame others for reacting.",anger,negative,neutral,neutral,negative,No,No,Yes,anger,Yes,anger,negative,No,confirmed after assistant manual review,assistant_manual_review_2026-05-27,0.3705,0.9808,0.7152,neutral,0.659,No,anger,0.6423,Yes,0.7491,neutral,0.9352,No,anger,0.8328,Yes,negative,0.5277,Yes,neg,0.8157,No,anger,0.9441,Yes
https://www.youtube.com/watch?v=d2dgJGkw5p0,rare_earths,11,"BRAZIL is a BRICKS member and US imposed 50% on this country, there's no way the second largest REE country will align with US to solve this crisis.",neutral,neutral,neutral,neutral,negative,Yes,Yes,No,anger,No,neutral,neutral,No,confirmed after assistant manual review,assistant_manual_review_2026-05-27,0.7214,0.9763,0.8249,neutral,0.5555,Yes,anger,0.4858,No,0.9263,anger,0.9738,No,anger,0.9502,No,negative,0.4066,No,neg,0.963,No,anger,0.9956,No
https://www.youtube.com/watch?v=d2dgJGkw5p0,rare_earths,12,"As usual, the narrative is: American hegemony = good Anything else = bad",anger,negative,neutral,neutral,negative,No,No,Yes,neutral,No,anger,negative,No,confirmed after assistant manual review,assistant_manual_review_2026-05-27,0.8006,0.9904,0.4231,neutral,0.7165,No,disgust,0.3178,No,0.5936,neutral,0.94,No,neutral,0.477,No,positive,0.5381,No,neg,0.5286,No,neutral,0.8034,No
https://www.youtube.com/watch?v=d2dgJGkw5p0,rare_earths,13,35000 lawyers 350 mining engineers.,neutral,neutral,neutral,neutral,neutral,Yes,Yes,Yes,neutral,Yes,neutral,neutral,No,confirmed after assistant manual review,assistant_manual_review_2026-05-27,0.8217,0.9929,0.7318,neutral,0.9663,Yes,neutral,0.7971,Yes,0.8526,neutral,0.917,Yes,neutral,0.603,Yes,positive,0.4887,No,neu,0.9608,No,neutral,0.9648,Yes
https://www.youtube.com/watch?v=d2dgJGkw5p0,rare_earths,14,"Don't start war with China, then no rare earth problem",neutral,neutral,neutral,neutral,negative,Yes,Yes,No,anger,No,neutral,neutral,No,confirmed after assistant manual review,assistant_manual_review_2026-05-27,0.492,0.9818,0.5194,disgust,0.4914,No,anger,0.441,No,0.6254,anger,0.9324,No,anger,0.3742,No,neutral,0.58,Yes,neg,0.6585,No,neutral,0.8741,Yes
https://www.youtube.com/watch?v=d2dgJGkw5p0,rare_earths,15,"Did they forget how they did to Huawei and some other companies back in 2018? And now still blocking China to get latest chips. So this means only US can accuse others and sanction others, others can’t fight back, if you fight back, I will do the strongest condemn logic? Karma is a bitch, isn’t it? 😊",anger,negative,anger,anger,negative,Yes,Yes,Yes,anger,Yes,anger,negative,No,confirmed after assistant manual review,assistant_manual_review_2026-05-27,0.8343,0.8348,0.9721,neutral,0.4073,No,anger,0.7262,Yes,0.8004,anger,0.9193,Yes,anger,0.9489,Yes,negative,0.7222,Yes,neg,0.9391,No,anger,0.9638,Yes
https://www.youtube.com/watch?v=d2dgJGkw5p0,rare_earths,16,"“We want a lot of rocks, I’m gathering rocks to stack them on top of each other”",neutral,neutral,neutral,neutral,neutral,Yes,Yes,Yes,neutral,Yes,neutral,neutral,No,confirmed after assistant manual review,assistant_manual_review_2026-05-27,0.8831,0.9948,0.7644,neutral,0.8783,Yes,neutral,0.9547,Yes,0.722,joy,0.6134,No,neutral,0.4777,Yes,positive,0.529,No,neu,0.7032,No,neutral,0.8518,Yes
https://www.youtube.com/watch?v=d2dgJGkw5p0,rare_earths,17,They are talking about China like if they are aliens from different planet!!,joy,positive,disgust,neutral,negative,No,No,No,surprise,No,joy,positive,No,confirmed after assistant manual review,assistant_manual_review_2026-05-27,0.3782,0.9876,0.5259,neutral,0.9444,No,neutral,0.4487,No,0.5983,anger,0.8982,No,anger,0.4923,No,negative,0.545,No,neg,0.83,No,anger,0.9872,No
https://www.youtube.com/watch?v=d2dgJGkw5p0,rare_earths,18,Very well done video. Those animations - hats off 👍,joy,positive,joy,neutral,positive,Yes,No,Yes,joy,Yes,joy,positive,No,confirmed after assistant manual review,assistant_manual_review_2026-05-27,0.7117,0.9857,0.8938,joy,0.9683,Yes,joy,0.8386,Yes,0.9779,joy,0.9797,Yes,joy,0.9518,Yes,positive,0.7726,Yes,pos,0.99,No,joy,0.9926,Yes
https://www.youtube.com/watch?v=d2dgJGkw5p0,rare_earths,19,What do you mean running an economy based on economic derivatives leaves you vulnerable to foreign commodity spikes when you don't actually make anything? /s,anger,negative,fear,neutral,negative,No,No,Yes,neutral,No,neutral,neutral,Yes,sarcastic criticism of economic vulnerability,assistant_manual_review_2026-05-27,0.4757,0.9824,0.6927,neutral,0.5672,No,surprise,0.4448,No,0.6454,neutral,0.924,No,surprise,0.3797,No,negative,0.7184,Yes,neg,0.8862,No,surprise,0.5942,No
https://www.youtube.com/watch?v=d2dgJGkw5p0,rare_earths,20,that thumbnail is so catchy so you click instantly,neutral,neutral,joy,neutral,positive,No,Yes,No,neutral,Yes,neutral,neutral,No,confirmed after assistant manual review,assistant_manual_review_2026-05-27,0.718,0.9894,0.5105,joy,0.5329,No,joy,0.767,No,0.9731,joy,0.9749,No,joy,0.8493,No,positive,0.5066,No,pos,0.9334,No,joy,0.9971,No
https://www.youtube.com/watch?v=d2dgJGkw5p0,rare_earths,21,Why is it that I've never heard anyone voice any concerns about relying too much on the US or the EU?,neutral,neutral,neutral,neutral,negative,Yes,Yes,No,surprise,No,neutral,neutral,No,confirmed after assistant manual review,assistant_manual_review_2026-05-27,0.4768,0.9721,0.8823,neutral,0.4699,Yes,surprise,0.5404,No,0.5882,neutral,0.8848,Yes,surprise,0.4351,No,negative,0.4532,No,neg,0.6859,No,surprise,0.6834,No
https://www.youtube.com/watch?v=d2dgJGkw5p0,rare_earths,22,Can we get a video on shipbuilding on Bloomberg Primer?,neutral,neutral,neutral,neutral,neutral,Yes,Yes,Yes,neutral,Yes,neutral,neutral,No,confirmed after assistant manual review,assistant_manual_review_2026-05-27,0.8175,0.995,0.7551,neutral,0.6398,Yes,neutral,0.9014,Yes,0.9169,neutral,0.8415,Yes,neutral,0.7089,Yes,negative,0.3893,No,neu,0.9405,No,neutral,0.9956,Yes
https://www.youtube.com/watch?v=d2dgJGkw5p0,rare_earths,23,US: Launches a trade war China: Fights back US: *Surprised Pikachu face*,surprise,neutral,surprise,surprise,negative,Yes,Yes,No,surprise,Yes,surprise,neutral,No,confirmed after assistant manual review,assistant_manual_review_2026-05-27,0.9372,0.9187,0.9643,neutral,0.66,No,surprise,0.9388,Yes,0.6706,surprise,0.9274,Yes,surprise,0.8359,Yes,positive,0.6539,No,neu,0.9015,No,surprise,0.9682,Yes
https://www.youtube.com/watch?v=d2dgJGkw5p0,rare_earths,24,Thanks for the information,joy,positive,neutral,neutral,positive,No,No,Yes,joy,Yes,joy,positive,No,confirmed after assistant manual review,assistant_manual_review_2026-05-27,0.6221,0.9788,0.5939,joy,0.9895,Yes,neutral,0.6673,No,0.7741,joy,0.8621,Yes,joy,0.6659,Yes,positive,0.9635,Yes,pos,0.8206,No,joy,0.8143,Yes
https://www.youtube.com/watch?v=d2dgJGkw5p0,rare_earths,25,The big problem was the West and US did not do anything about it until they realise too late. China have been buying and processing rare earth for like 20 years. China have long term plans. Now it’s too late for the West to catch up as it takes a decade to develop the processing of rare earths,neutral,neutral,neutral,neutral,negative,Yes,Yes,No,anger,No,joy,positive,Yes,"mostly factual strategic analysis, not clear praise",assistant_manual_review_2026-05-27,0.7934,0.9713,0.5529,neutral,0.5771,Yes,neutral,0.748,Yes,0.7293,neutral,0.9455,Yes,anger,0.6976,No,negative,0.6397,No,neg,0.7992,No,neutral,0.9039,Yes
https://www.youtube.com/watch?v=d2dgJGkw5p0,rare_earths,26,It’s hella funny when the bully gets bullied 😂😂,joy,positive,joy,joy,neutral,Yes,Yes,No,joy,Yes,anger,negative,Yes,dominant cue is amusement/laughter,assistant_manual_review_2026-05-27,0.6851,0.7658,0.4062,joy,0.9129,Yes,joy,0.7498,Yes,0.3937,joy,0.9622,Yes,joy,0.9774,Yes,negative,0.4665,No,neu,0.6032,No,joy,0.995,Yes
https://www.youtube.com/watch?v=d2dgJGkw5p0,rare_earths,27,"He said ""hold all the chips"" 😂😂😂",joy,positive,neutral,neutral,neutral,No,No,No,joy,Yes,neutral,neutral,Yes,laughing at wordplay,assistant_manual_review_2026-05-27,0.8332,0.9954,0.8636,neutral,0.4893,No,anger,0.4351,No,0.7013,joy,0.9684,Yes,joy,0.9808,Yes,positive,0.4328,Yes,neu,0.9667,No,joy,0.9943,Yes
https://www.youtube.com/watch?v=d2dgJGkw5p0,rare_earths,28,"Knowledge, skill, industrial muscle, AND security",neutral,neutral,neutral,neutral,neutral,Yes,Yes,Yes,neutral,Yes,neutral,neutral,No,confirmed after assistant manual review,assistant_manual_review_2026-05-27,0.9491,0.9931,0.9341,neutral,0.9636,Yes,neutral,0.7117,Yes,0.6201,neutral,0.9636,Yes,neutral,0.8677,Yes,positive,0.7477,No,neu,0.5732,No,neutral,0.9927,Yes
https://www.youtube.com/watch?v=d2dgJGkw5p0,rare_earths,29,Great video,joy,positive,joy,neutral,positive,Yes,No,Yes,joy,Yes,joy,positive,No,confirmed after assistant manual review,assistant_manual_review_2026-05-27,0.8745,0.942,0.9455,joy,0.9513,Yes,joy,0.8965,Yes,0.9427,joy,0.9716,Yes,joy,0.9565,Yes,positive,0.5673,Yes,pos,0.9847,No,joy,0.995,Yes
https://www.youtube.com/watch?v=d2dgJGkw5p0,rare_earths,30,"You guys are intentionally misleading to sound optimistic. In order for the West to get to the capacity that China has today, it would take about 20-30 years. And that assuming China stays still during that time.",disgust,negative,neutral,neutral,negative,No,No,Yes,anger,No,disgust,negative,No,confirmed after assistant manual review,assistant_manual_review_2026-05-27,0.9461,0.9675,0.9015,neutral,0.5149,No,neutral,0.4978,No,0.5796,anger,0.9447,No,neutral,0.7611,No,negative,0.7266,Yes,neg,0.8094,No,anger,0.8045,No
https://www.youtube.com/watch?v=d2dgJGkw5p0,rare_earths,31,Best thumbnail for a bloomberg video I've ever seen. Gg.,joy,positive,disgust,neutral,positive,No,No,Yes,surprise,No,joy,positive,No,confirmed after assistant manual review,assistant_manual_review_2026-05-27,0.4895,0.9537,0.5021,joy,0.943,Yes,neutral,0.6166,No,0.9726,joy,0.9764,Yes,disgust,0.5706,No,positive,0.7803,Yes,pos,0.9886,No,joy,0.8957,Yes
https://www.youtube.com/watch?v=d2dgJGkw5p0,rare_earths,32,Straight of Rare Earths.,neutral,neutral,neutral,neutral,neutral,Yes,Yes,Yes,neutral,Yes,neutral,neutral,No,confirmed after assistant manual review,assistant_manual_review_2026-05-27,0.7993,0.9946,0.8724,neutral,0.9663,Yes,neutral,0.9263,Yes,0.8856,neutral,0.9582,Yes,neutral,0.6575,Yes,negative,0.4025,No,neu,0.9167,No,neutral,0.9598,Yes
https://www.youtube.com/watch?v=d2dgJGkw5p0,rare_earths,33,That refining technology was in widespread use in IA in the 1950s. Very highly optimized. We just let some Chinese students take it home.,anger,negative,neutral,neutral,neutral,No,No,No,neutral,No,neutral,neutral,Yes,critical blame about technology transfer,assistant_manual_review_2026-05-27,0.956,0.9937,0.8643,neutral,0.8425,No,neutral,0.9711,No,0.6747,neutral,0.9586,No,neutral,0.8529,No,positive,0.7786,No,pos,0.8776,No,neutral,0.9946,No
https://www.youtube.com/watch?v=d2dgJGkw5p0,rare_earths,34,"Mate, don't even go to Rare earth!!! We would have to shut all business down if China stops any supplies.",fear,negative,anger,neutral,negative,No,No,Yes,anger,No,neutral,neutral,Yes,business shutdown risk cue,assistant_manual_review_2026-05-27,0.8527,0.768,0.8852,neutral,0.4144,No,anger,0.5513,No,0.8689,fear,0.9607,Yes,anger,0.9454,No,negative,0.6383,Yes,neg,0.9703,No,anger,0.9557,No
https://www.youtube.com/watch?v=d2dgJGkw5p0,rare_earths,35,Being a video editor at Bloomberg must be so easy when the topic is about China. All they have to do is pick from a grand total of 10 different stock footage options.,anger,negative,neutral,neutral,neutral,No,No,No,neutral,No,neutral,neutral,Yes,sarcastic criticism of media editing,assistant_manual_review_2026-05-27,0.9114,0.9955,0.9732,neutral,0.9223,No,neutral,0.9552,No,0.5029,neutral,0.9578,No,neutral,0.8074,No,positive,0.6252,No,neu,0.5651,No,neutral,0.9695,No
https://www.youtube.com/watch?v=d2dgJGkw5p0,rare_earths,36,09:47 Why would the department of war buying $400 M worth of steaks from a freaking magnet factory lol.,surprise,neutral,surprise,neutral,negative,Yes,No,No,surprise,Yes,neutral,neutral,Yes,incredulous question with surprise cue,assistant_manual_review_2026-05-27,0.5084,0.9843,0.9003,joy,0.9363,No,anger,0.5,No,0.8774,joy,0.7581,No,anger,0.5275,No,positive,0.4411,No,neg,0.8876,No,surprise,0.5438,Yes
https://www.youtube.com/watch?v=d2dgJGkw5p0,rare_earths,37,Love from South Africa ❤️🇿🇦🏆,joy,positive,neutral,neutral,positive,No,No,Yes,joy,Yes,joy,positive,No,confirmed after assistant manual review,assistant_manual_review_2026-05-27,0.4784,0.988,0.8442,joy,0.9579,Yes,neutral,0.656,No,0.973,joy,0.9626,Yes,joy,0.6931,Yes,positive,0.9064,Yes,pos,0.9845,No,joy,0.9785,Yes
https://www.youtube.com/watch?v=d2dgJGkw5p0,rare_earths,38,10 billion hunt? That's just the first day of the Iran war. America wins wins wins.,anger,negative,neutral,neutral,neutral,No,No,No,surprise,No,neutral,neutral,Yes,sarcastic criticism of war spending,assistant_manual_review_2026-05-27,0.7126,0.988,0.7334,joy,0.3107,No,surprise,0.4637,No,0.4819,neutral,0.8457,No,surprise,0.4372,No,positive,0.5967,No,neu,0.6081,No,surprise,0.5572,No
https://www.youtube.com/watch?v=d2dgJGkw5p0,rare_earths,39,0:30. Woahhhh Malaysia 😃😃,surprise,neutral,surprise,neutral,positive,Yes,No,No,surprise,Yes,surprise,neutral,No,confirmed after assistant manual review,assistant_manual_review_2026-05-27,0.4945,0.98,0.8825,joy,0.4411,No,surprise,0.5345,Yes,0.9384,surprise,0.9529,Yes,joy,0.8014,No,positive,0.5118,No,pos,0.6481,No,surprise,0.8705,Yes
https://www.youtube.com/watch?v=d2dgJGkw5p0,rare_earths,40,7:45 this is why there are playing the game so dominataly. They have filled every gap with right strategy. And it worked profoundly.,neutral,neutral,neutral,neutral,positive,Yes,Yes,No,joy,No,neutral,neutral,No,confirmed after assistant manual review,assistant_manual_review_2026-05-27,0.9289,0.9936,0.4749,joy,0.4582,No,neutral,0.8139,Yes,0.5488,neutral,0.9348,Yes,neutral,0.5882,Yes,negative,0.4903,No,pos,0.9051,No,joy,0.8785,No
https://www.youtube.com/watch?v=d2dgJGkw5p0,rare_earths,41,"As the G2, we could literally run the world together. Let's go hand in hand as trustworthy allies rather than confront each other — there's no beef between us. Plus, the world already has enough problems. Others may not have the cards, but we do",joy,positive,neutral,neutral,positive,No,No,Yes,anger,No,neutral,neutral,Yes,hopeful cooperative framing,assistant_manual_review_2026-05-27,0.9332,0.9882,0.6664,neutral,0.5379,No,neutral,0.7832,No,0.5135,neutral,0.9286,No,neutral,0.81,No,positive,0.4132,Yes,pos,0.5427,No,neutral,0.9775,No
https://www.youtube.com/watch?v=d2dgJGkw5p0,rare_earths,42,"Australia has plenty of rare earth minerals, it's the processing that is the problem.",neutral,neutral,neutral,neutral,neutral,Yes,Yes,Yes,neutral,Yes,neutral,neutral,No,confirmed after assistant manual review,assistant_manual_review_2026-05-27,0.843,0.9627,0.4323,neutral,0.4889,Yes,neutral,0.9307,Yes,0.5105,neutral,0.9342,Yes,neutral,0.6661,Yes,negative,0.7039,No,neu,0.5104,No,neutral,0.9916,Yes
https://www.youtube.com/watch?v=d2dgJGkw5p0,rare_earths,43,Nectar Gan is so beautiful 🔥 👌,joy,positive,joy,neutral,positive,Yes,No,Yes,joy,Yes,joy,positive,No,confirmed after assistant manual review,assistant_manual_review_2026-05-27,0.7184,0.8514,0.9357,joy,0.9671,Yes,joy,0.4634,Yes,0.9809,joy,0.9778,Yes,joy,0.8743,Yes,positive,0.8783,Yes,pos,0.9894,No,joy,0.9956,Yes
https://www.youtube.com/watch?v=d2dgJGkw5p0,rare_earths,44,brazil is full of rare earths,neutral,neutral,neutral,neutral,neutral,Yes,Yes,Yes,neutral,Yes,neutral,neutral,No,confirmed after assistant manual review,assistant_manual_review_2026-05-27,0.6549,0.9906,0.5781,neutral,0.945,Yes,surprise,0.4581,No,0.5544,neutral,0.8952,Yes,surprise,0.396,No,positive,0.5106,No,neu,0.748,No,neutral,0.5762,Yes
https://www.youtube.com/watch?v=d2dgJGkw5p0,rare_earths,45,Trump: You have rare earths. We have all the oil. Lets trade...,neutral,neutral,neutral,neutral,neutral,Yes,Yes,Yes,joy,No,neutral,neutral,No,confirmed after assistant manual review,assistant_manual_review_2026-05-27,0.8822,0.9917,0.353,neutral,0.9573,Yes,neutral,0.7379,Yes,0.7563,neutral,0.8199,Yes,anger,0.5498,No,negative,0.6542,No,neu,0.8923,No,joy,0.7519,No
https://www.youtube.com/watch?v=d2dgJGkw5p0,rare_earths,46,Meanwhile China is already looking for the next chokehold.,neutral,neutral,neutral,neutral,negative,Yes,Yes,No,neutral,Yes,neutral,neutral,No,confirmed after assistant manual review,assistant_manual_review_2026-05-27,0.9479,0.9936,0.661,neutral,0.9551,Yes,neutral,0.8237,Yes,0.7104,anger,0.8636,No,neutral,0.8142,Yes,negative,0.4848,No,neg,0.8133,No,neutral,0.862,Yes
https://www.youtube.com/watch?v=d2dgJGkw5p0,rare_earths,47,"The US has all the rare earth metals we need in California and Texas and in all the coal ash piles we have across the U.S. We simply need to build more of the processing plants to process these rare earths and the understanding that processing rare earths is usually a very polluting endeavor. I have no doubt we can do it in a more environmentally way, but we also need to understand that China's Rare Earth industry is heavily subsidized by China so America's Rare Earths will probably be more expensive. We also have the deals with both Ukraine and Austrailia for Rare Earths as well.",neutral,neutral,neutral,neutral,neutral,Yes,Yes,Yes,neutral,Yes,disgust,negative,Yes,balanced factual policy comment with concern but no dominant emotion,assistant_manual_review_2026-05-27,0.8943,0.9924,0.9131,neutral,0.6256,Yes,neutral,0.8218,Yes,0.7596,neutral,0.9614,Yes,neutral,0.8925,Yes,negative,0.4491,No,neu,0.9096,No,neutral,0.9697,Yes
https://www.youtube.com/watch?v=d2dgJGkw5p0,rare_earths,48,So much ad even before beginning?,anger,negative,surprise,neutral,neutral,No,No,No,surprise,No,neutral,neutral,Yes,complaint about excessive ads,assistant_manual_review_2026-05-27,0.7537,0.9943,0.6994,neutral,0.4352,No,surprise,0.8685,No,0.5491,surprise,0.908,No,surprise,0.7974,No,negative,0.3855,Yes,neu,0.5522,No,surprise,0.985,No
https://www.youtube.com/watch?v=d2dgJGkw5p0,rare_earths,49,"Calling 21% a ""quarter"" and not a ""fifth"" of world's supply should be considered journalistic malpractice",disgust,negative,disgust,neutral,negative,Yes,No,Yes,anger,No,disgust,negative,No,confirmed after assistant manual review,assistant_manual_review_2026-05-27,0.7234,0.9283,0.9674,disgust,0.4002,Yes,neutral,0.5771,No,0.7544,anger,0.9636,No,anger,0.7776,No,negative,0.659,Yes,neg,0.8372,No,anger,0.9373,No
https://www.youtube.com/watch?v=d2dgJGkw5p0,rare_earths,50,If making weapons of death is all that the USA does with them? BOYCOTT THEM ALL!,fear,negative,anger,neutral,negative,No,No,Yes,anger,No,fear,negative,No,confirmed after assistant manual review,assistant_manual_review_2026-05-27,0.5416,0.7548,0.9764,neutral,0.4686,No,anger,0.8475,No,0.932,anger,0.9622,No,anger,0.7199,No,negative,0.5407,Yes,neg,0.9792,No,anger,0.9981,No
https://www.youtube.com/watch?v=M8To7iorkxQ,avatar_clip,1,This is the kind of content YouTube needs more of,joy,positive,neutral,neutral,positive,No,No,Yes,neutral,No,neutral,neutral,Yes,positive praise for the type of content,assistant_manual_review_2026-05-27,0.9479,0.9954,0.9187,neutral,0.4577,No,neutral,0.9576,No,0.7204,neutral,0.9291,No,neutral,0.742,No,positive,0.5061,Yes,pos,0.967,No,joy,0.8051,Yes
https://www.youtube.com/watch?v=M8To7iorkxQ,avatar_clip,2,le le,neutral,neutral,neutral,neutral,neutral,Yes,Yes,Yes,neutral,Yes,neutral,neutral,No,confirmed after assistant manual review,assistant_manual_review_2026-05-27,0.2996,0.9899,0.8076,neutral,0.9674,Yes,neutral,0.7895,Yes,0.6384,neutral,0.9384,Yes,neutral,0.5024,Yes,positive,0.4378,No,neu,0.877,No,neutral,0.9861,Yes
https://www.youtube.com/watch?v=M8To7iorkxQ,avatar_clip,3,🥰From India 🇮🇳 ❤🤗,joy,positive,neutral,neutral,positive,No,No,Yes,disgust,No,joy,positive,No,confirmed after assistant manual review,assistant_manual_review_2026-05-27,0.801,0.9869,0.388,joy,0.7832,Yes,neutral,0.6592,No,0.9835,joy,0.933,Yes,disgust,0.4891,No,positive,0.4181,Yes,neu,0.971,No,joy,0.7451,Yes
https://www.youtube.com/watch?v=M8To7iorkxQ,avatar_clip,4,Ecnaha,neutral,neutral,neutral,neutral,neutral,Yes,Yes,Yes,disgust,No,neutral,neutral,No,confirmed after assistant manual review,assistant_manual_review_2026-05-27,0.9043,0.9925,0.5705,neutral,0.9634,Yes,neutral,0.8948,Yes,0.717,neutral,0.945,Yes,neutral,0.5809,Yes,positive,0.4657,No,neu,0.9048,No,neutral,0.9537,Yes
https://www.youtube.com/watch?v=M8To7iorkxQ,avatar_clip,5,"The video is truly captivating, from the dramatic pace to the spectacular visuals, it's impossible to look away 👏🔥. The content is carefully selected, providing a thrilling and exciting experience, making viewers feel like they're living through every moment of the action. In particular, the scene setting and sound design are perfectly coordinated, highlighting the power and ferocity of the monsters 🦍🐊🏙. This is a high-quality clip, both entertaining and something viewers will want to watch again and again. The channel owner has done a great job bringing a cinematic experience right on YouTube, deserving more likes and subscribers 🌟💯. Hopefully, there will be more captivating videos like this in the future, which will surely attract even more viewers ❤🚀",joy,positive,joy,neutral,positive,Yes,No,Yes,joy,Yes,joy,positive,No,confirmed after assistant manual review,assistant_manual_review_2026-05-27,0.9573,0.5268,0.9678,joy,0.9197,Yes,joy,0.9873,Yes,0.9848,joy,0.971,Yes,joy,0.9612,Yes,positive,0.9202,Yes,pos,0.9914,No,joy,0.997,Yes
https://www.youtube.com/watch?v=M8To7iorkxQ,avatar_clip,6,kaka gua batu,neutral,neutral,neutral,neutral,neutral,Yes,Yes,Yes,joy,No,neutral,neutral,No,confirmed after assistant manual review,assistant_manual_review_2026-05-27,0.791,0.9921,0.5,neutral,0.9596,Yes,neutral,0.8144,Yes,0.7644,neutral,0.9647,Yes,neutral,0.6372,Yes,positive,0.4538,No,neu,0.9542,No,neutral,0.9728,Yes
https://www.youtube.com/watch?v=M8To7iorkxQ,avatar_clip,7,Смотрю из Таджикистана ❤,joy,positive,neutral,neutral,neutral,No,No,No,joy,Yes,joy,positive,No,confirmed after assistant manual review,assistant_manual_review_2026-05-27,0.6321,0.9812,0.3748,joy,0.8733,Yes,anger,0.3819,No,0.6877,joy,0.9431,Yes,disgust,0.3867,No,positive,0.4515,Yes,neu,0.8897,No,joy,0.9456,Yes
https://www.youtube.com/watch?v=M8To7iorkxQ,avatar_clip,8,That's amazing really ❤️,joy,positive,joy,surprise,positive,Yes,No,Yes,joy,Yes,joy,positive,No,confirmed after assistant manual review,assistant_manual_review_2026-05-27,0.6832,0.4843,0.8167,joy,0.8626,Yes,surprise,0.6421,No,0.9743,joy,0.9782,Yes,joy,0.9529,Yes,positive,0.9331,Yes,pos,0.9907,No,joy,0.6901,Yes
https://www.youtube.com/watch?v=M8To7iorkxQ,avatar_clip,9,From Cyprus!❤,joy,positive,neutral,neutral,positive,No,No,Yes,surprise,No,joy,positive,No,confirmed after assistant manual review,assistant_manual_review_2026-05-27,0.517,0.9913,0.743,neutral,0.8253,No,joy,0.4158,Yes,0.954,joy,0.8049,Yes,joy,0.7073,Yes,positive,0.5485,Yes,neu,0.9321,No,joy,0.8481,Yes
https://www.youtube.com/watch?v=M8To7iorkxQ,avatar_clip,10,Watching from Milano Italy ❤thank you for sharing,joy,positive,joy,neutral,positive,Yes,No,Yes,joy,Yes,joy,positive,No,confirmed after assistant manual review,assistant_manual_review_2026-05-27,0.9311,0.9955,0.9534,joy,0.9889,Yes,joy,0.7399,Yes,0.963,joy,0.9637,Yes,joy,0.9652,Yes,positive,0.7338,Yes,pos,0.933,No,joy,0.9924,Yes
https://www.youtube.com/watch?v=M8To7iorkxQ,avatar_clip,11,Hola I am watching from NIGERIA🎉❤,joy,positive,joy,neutral,positive,Yes,No,Yes,joy,Yes,joy,positive,No,confirmed after assistant manual review,assistant_manual_review_2026-05-27,0.719,0.9837,0.8938,joy,0.5209,Yes,neutral,0.8415,No,0.9856,joy,0.9671,Yes,joy,0.9184,Yes,positive,0.4753,Yes,neu,0.9598,No,joy,0.7894,Yes
https://www.youtube.com/watch?v=M8To7iorkxQ,avatar_clip,12,N😊😊!o,joy,positive,neutral,neutral,positive,No,No,Yes,surprise,No,joy,positive,No,confirmed after assistant manual review,assistant_manual_review_2026-05-27,0.4746,0.9771,0.6136,joy,0.6608,Yes,anger,0.5572,No,0.9573,joy,0.9172,Yes,joy,0.8417,Yes,positive,0.4524,Yes,neu,0.5881,No,joy,0.691,Yes
https://www.youtube.com/watch?v=M8To7iorkxQ,avatar_clip,13,Wow amazing MOVIE and watching from West Borneo,surprise,positive,surprise,surprise,positive,Yes,Yes,Yes,surprise,Yes,surprise,positive,No,confirmed after assistant manual review,assistant_manual_review_2026-05-27,0.8515,0.7083,0.6368,joy,0.8934,No,surprise,0.8847,Yes,0.9818,joy,0.9574,No,joy,0.7492,No,positive,0.859,Yes,pos,0.9912,No,joy,0.6785,No
https://www.youtube.com/watch?v=M8To7iorkxQ,avatar_clip,14,"watching from Dublin, but Egyptian ❤❤❤ Amazing movie 🍿🎥",joy,positive,surprise,neutral,positive,No,No,Yes,surprise,No,joy,positive,No,confirmed after assistant manual review,assistant_manual_review_2026-05-27,0.5415,0.8124,0.551,joy,0.93,Yes,surprise,0.4954,No,0.9832,joy,0.978,Yes,joy,0.9286,Yes,positive,0.7688,Yes,pos,0.9902,No,joy,0.9899,Yes
https://www.youtube.com/watch?v=M8To7iorkxQ,avatar_clip,15,Watching from Zambia 🥰,joy,positive,joy,neutral,positive,Yes,No,Yes,joy,Yes,joy,positive,No,confirmed after assistant manual review,assistant_manual_review_2026-05-27,0.9039,0.9936,0.6601,neutral,0.8588,No,neutral,0.803,No,0.9678,surprise,0.8841,No,joy,0.7707,Yes,positive,0.5685,Yes,neu,0.9714,No,joy,0.7939,Yes
https://www.youtube.com/watch?v=M8To7iorkxQ,avatar_clip,16,From Sri Lanka 🇱🇰🇱🇰❤❤,joy,positive,neutral,neutral,positive,No,No,Yes,joy,Yes,joy,positive,No,confirmed after assistant manual review,assistant_manual_review_2026-05-27,0.6318,0.9923,0.3507,joy,0.5857,Yes,neutral,0.6488,No,0.9157,joy,0.9424,Yes,disgust,0.4188,No,positive,0.474,Yes,neu,0.9707,No,joy,0.9667,Yes
https://www.youtube.com/watch?v=M8To7iorkxQ,avatar_clip,17,Watching from Ghana ❤🎉,joy,positive,joy,neutral,positive,Yes,No,Yes,joy,Yes,joy,positive,No,confirmed after assistant manual review,assistant_manual_review_2026-05-27,0.9316,0.9945,0.5514,joy,0.9263,Yes,neutral,0.7856,No,0.9834,joy,0.9703,Yes,joy,0.9462,Yes,positive,0.5664,Yes,neu,0.9738,No,joy,0.9831,Yes
https://www.youtube.com/watch?v=M8To7iorkxQ,avatar_clip,18,I'll never miss an Avatar movie 😊,joy,positive,sadness,neutral,positive,No,No,Yes,joy,Yes,joy,positive,No,confirmed after assistant manual review,assistant_manual_review_2026-05-27,0.8191,0.8986,0.8892,joy,0.356,Yes,sadness,0.7261,No,0.9824,joy,0.943,Yes,sadness,0.8726,No,positive,0.4414,Yes,pos,0.9892,No,joy,0.9927,Yes
https://www.youtube.com/watch?v=M8To7iorkxQ,avatar_clip,19,"Watching from my beloved country Philippines 🇵🇭🇵🇭 Since 2012 ,until now this movie is so amazing.. this is my favorite movie ever❤️AVATAR is the best for me❤❤❤❤❤",joy,positive,joy,joy,positive,Yes,Yes,Yes,joy,Yes,joy,positive,No,confirmed after assistant manual review,assistant_manual_review_2026-05-27,0.7105,0.9354,0.9764,joy,0.8252,Yes,joy,0.8048,Yes,0.9905,joy,0.979,Yes,joy,0.9565,Yes,positive,0.9555,Yes,pos,0.9931,No,joy,0.9953,Yes
https://www.youtube.com/watch?v=M8To7iorkxQ,avatar_clip,20,Good morning everyone! It's quite amazing movie. I'm from Uzbekistan,joy,positive,joy,joy,positive,Yes,Yes,Yes,joy,Yes,joy,positive,No,confirmed after assistant manual review,assistant_manual_review_2026-05-27,0.8886,0.8469,0.9389,joy,0.6323,Yes,joy,0.8213,Yes,0.9906,joy,0.9727,Yes,joy,0.9757,Yes,positive,0.9819,Yes,pos,0.993,No,joy,0.9931,Yes
https://www.youtube.com/watch?v=M8To7iorkxQ,avatar_clip,21,Good 👍 😊❤,joy,positive,neutral,neutral,positive,No,No,Yes,joy,Yes,joy,positive,No,confirmed after assistant manual review,assistant_manual_review_2026-05-27,0.5002,0.9801,0.9098,joy,0.8926,Yes,joy,0.6592,Yes,0.977,joy,0.9679,Yes,joy,0.8778,Yes,positive,0.9493,Yes,pos,0.9664,No,joy,0.9957,Yes
https://www.youtube.com/watch?v=M8To7iorkxQ,avatar_clip,22,From Swaziland...I'm enjoying this movie 🍿,joy,positive,joy,joy,positive,Yes,Yes,Yes,joy,Yes,joy,positive,No,confirmed after assistant manual review,assistant_manual_review_2026-05-27,0.9797,0.9711,0.9802,joy,0.9187,Yes,joy,0.9841,Yes,0.9851,joy,0.9737,Yes,joy,0.9853,Yes,positive,0.8369,Yes,pos,0.9921,No,joy,0.9963,Yes
https://www.youtube.com/watch?v=M8To7iorkxQ,avatar_clip,23,From Assam ❤❤❤,joy,positive,neutral,neutral,positive,No,No,Yes,disgust,No,joy,positive,No,confirmed after assistant manual review,assistant_manual_review_2026-05-27,0.8754,0.9942,0.3501,joy,0.5963,Yes,neutral,0.5544,No,0.9615,joy,0.9338,Yes,joy,0.7172,Yes,positive,0.489,Yes,neu,0.9713,No,joy,0.9794,Yes
https://www.youtube.com/watch?v=M8To7iorkxQ,avatar_clip,24,"watching from Abu Dhabi, UAE. thank you for sharing this video",joy,positive,joy,neutral,positive,Yes,No,Yes,joy,Yes,joy,positive,No,confirmed after assistant manual review,assistant_manual_review_2026-05-27,0.6756,0.5881,0.9551,joy,0.9897,Yes,joy,0.5388,Yes,0.8876,joy,0.9303,Yes,joy,0.8961,Yes,positive,0.729,Yes,pos,0.9437,No,joy,0.7975,Yes
https://www.youtube.com/watch?v=M8To7iorkxQ,avatar_clip,25,"The human coming in is like the world leaders,lying to us about everything!",anger,negative,neutral,neutral,neutral,No,No,No,anger,Yes,joy,positive,Yes,criticism of world leaders lying,assistant_manual_review_2026-05-27,0.3197,0.9644,0.9586,neutral,0.8457,No,disgust,0.4352,No,0.6112,anger,0.9488,Yes,joy,0.2715,No,positive,0.5039,No,neg,0.9443,No,anger,0.9956,Yes
https://www.youtube.com/watch?v=M8To7iorkxQ,avatar_clip,26,Here before Christmas 2025 😅let's go,joy,positive,neutral,neutral,positive,No,No,Yes,joy,Yes,neutral,neutral,Yes,anticipatory excitement,assistant_manual_review_2026-05-27,0.7012,0.9928,0.829,joy,0.5796,Yes,neutral,0.6713,No,0.6998,joy,0.892,Yes,joy,0.5779,Yes,positive,0.4701,Yes,pos,0.5473,No,joy,0.9929,Yes
https://www.youtube.com/watch?v=M8To7iorkxQ,avatar_clip,27,Watchin from Nepal❤🎉,joy,positive,neutral,neutral,positive,No,No,Yes,joy,Yes,joy,positive,No,confirmed after assistant manual review,assistant_manual_review_2026-05-27,0.8187,0.9935,0.7545,neutral,0.8209,No,neutral,0.5449,No,0.9782,joy,0.9473,Yes,joy,0.7206,Yes,positive,0.5033,Yes,neu,0.9699,No,joy,0.9679,Yes
https://www.youtube.com/watch?v=M8To7iorkxQ,avatar_clip,28,"Аватар - был прекрасный фильм,❤а следующие части - это мультфильмы😪А так ждали и хотели продолжения именно фильма😢🥺",sadness,negative,neutral,neutral,neutral,No,No,No,neutral,No,sadness,negative,No,confirmed after assistant manual review,assistant_manual_review_2026-05-27,0.5699,0.971,0.3561,neutral,0.296,No,anger,0.3472,No,0.7826,disgust,0.9438,No,joy,0.577,No,negative,0.7162,Yes,neu,0.9087,No,joy,0.5936,No
https://www.youtube.com/watch?v=M8To7iorkxQ,avatar_clip,29,Wonderful movie watching from south africa ❤😊❤,joy,positive,joy,joy,positive,Yes,Yes,Yes,joy,Yes,joy,positive,No,confirmed after assistant manual review,assistant_manual_review_2026-05-27,0.8972,0.8561,0.9811,joy,0.8849,Yes,joy,0.9665,Yes,0.9872,joy,0.9785,Yes,joy,0.9488,Yes,positive,0.8793,Yes,pos,0.9922,No,joy,0.9969,Yes
https://www.youtube.com/watch?v=M8To7iorkxQ,avatar_clip,30,Watching from California nice movie thank you for uploading it ❤😊,joy,positive,joy,neutral,positive,Yes,No,Yes,joy,Yes,joy,positive,No,confirmed after assistant manual review,assistant_manual_review_2026-05-27,0.9139,0.9295,0.974,joy,0.9723,Yes,joy,0.8961,Yes,0.985,joy,0.9735,Yes,joy,0.9727,Yes,positive,0.9251,Yes,pos,0.9873,No,joy,0.9958,Yes
https://www.youtube.com/watch?v=M8To7iorkxQ,avatar_clip,31,I'm watching from Viet Nam ❤,joy,positive,joy,neutral,positive,Yes,No,Yes,joy,Yes,joy,positive,No,confirmed after assistant manual review,assistant_manual_review_2026-05-27,0.7041,0.9901,0.377,joy,0.9087,Yes,neutral,0.5779,No,0.8806,joy,0.9616,Yes,joy,0.9368,Yes,positive,0.4936,Yes,neu,0.9486,No,sadness,0.9709,No
https://www.youtube.com/watch?v=M8To7iorkxQ,avatar_clip,32,Uae,neutral,neutral,neutral,neutral,neutral,Yes,Yes,Yes,neutral,Yes,neutral,neutral,No,confirmed after assistant manual review,assistant_manual_review_2026-05-27,0.6697,0.9927,0.9414,neutral,0.9638,Yes,neutral,0.9008,Yes,0.7052,neutral,0.8104,Yes,disgust,0.5172,No,positive,0.4474,No,neu,0.9206,No,disgust,0.5659,No
https://www.youtube.com/watch?v=M8To7iorkxQ,avatar_clip,33,"The Queen Mother arrived and quickly turned the world upside down, not letting the King Atma die.Myself",neutral,neutral,surprise,neutral,neutral,No,Yes,Yes,surprise,No,neutral,neutral,No,confirmed after assistant manual review,assistant_manual_review_2026-05-27,0.3136,0.9852,0.3739,neutral,0.8615,Yes,neutral,0.3546,Yes,0.7211,surprise,0.8553,No,fear,0.3922,No,negative,0.3749,No,neu,0.4853,No,joy,0.9895,No
https://www.youtube.com/watch?v=M8To7iorkxQ,avatar_clip,34,From Brasil! Great vídeo!,joy,positive,joy,neutral,positive,Yes,No,Yes,joy,Yes,joy,positive,No,confirmed after assistant manual review,assistant_manual_review_2026-05-27,0.7964,0.9546,0.9557,joy,0.932,Yes,joy,0.6726,Yes,0.9861,joy,0.9742,Yes,joy,0.9537,Yes,positive,0.8701,Yes,pos,0.9921,No,joy,0.9898,Yes
https://www.youtube.com/watch?v=M8To7iorkxQ,avatar_clip,35,hello friends permision i am from Indonesian i like your video cool 🎉🎉🎉🎉🎉 amazing 🥰🥰🥰🙏🙏🙏✌️,joy,positive,joy,joy,positive,Yes,Yes,Yes,joy,Yes,joy,positive,No,confirmed after assistant manual review,assistant_manual_review_2026-05-27,0.4832,0.7445,0.9614,joy,0.8581,Yes,joy,0.7616,Yes,0.9897,joy,0.9775,Yes,joy,0.8855,Yes,positive,0.9316,Yes,pos,0.9905,No,joy,0.9924,Yes
https://www.youtube.com/watch?v=M8To7iorkxQ,avatar_clip,36,"Mantap,,,❤❤❤❤❤",joy,positive,neutral,neutral,positive,No,No,Yes,joy,Yes,joy,positive,No,confirmed after assistant manual review,assistant_manual_review_2026-05-27,0.7197,0.9945,0.4217,neutral,0.5192,No,neutral,0.3451,No,0.974,joy,0.8884,Yes,joy,0.5396,Yes,positive,0.8963,Yes,neu,0.9433,No,joy,0.9816,Yes
https://www.youtube.com/watch?v=M8To7iorkxQ,avatar_clip,37,From USA 🇱🇷🎉🎉,joy,positive,neutral,neutral,positive,No,No,Yes,joy,Yes,joy,positive,No,confirmed after assistant manual review,assistant_manual_review_2026-05-27,0.9045,0.9944,0.395,neutral,0.7904,No,neutral,0.8021,No,0.9779,disgust,0.8009,No,disgust,0.6723,No,positive,0.48,Yes,neu,0.967,No,joy,0.9298,Yes
https://www.youtube.com/watch?v=M8To7iorkxQ,avatar_clip,38,From indonesia❤,joy,positive,neutral,neutral,positive,No,No,Yes,joy,Yes,joy,positive,No,confirmed after assistant manual review,assistant_manual_review_2026-05-27,0.9259,0.9947,0.3726,neutral,0.9149,No,neutral,0.6845,No,0.8967,neutral,0.9009,No,joy,0.7666,Yes,positive,0.4936,Yes,neu,0.9656,No,joy,0.8878,Yes
https://www.youtube.com/watch?v=M8To7iorkxQ,avatar_clip,39,ok,neutral,neutral,neutral,neutral,neutral,Yes,Yes,Yes,neutral,Yes,neutral,neutral,No,confirmed after assistant manual review,assistant_manual_review_2026-05-27,0.8116,0.9935,0.9247,neutral,0.9475,Yes,neutral,0.4818,Yes,0.5058,neutral,0.9216,Yes,neutral,0.7931,Yes,positive,0.6738,No,neu,0.832,No,neutral,0.9905,Yes
https://www.youtube.com/watch?v=M8To7iorkxQ,avatar_clip,40,They need a vr version of this 😮,surprise,positive,neutral,neutral,neutral,No,No,No,joy,No,surprise,positive,No,confirmed after assistant manual review,assistant_manual_review_2026-05-27,0.9496,0.9946,0.4834,neutral,0.8311,No,anger,0.3773,No,0.7019,surprise,0.8876,Yes,surprise,0.3399,Yes,negative,0.3613,No,neu,0.634,No,disgust,0.5168,No
https://www.youtube.com/watch?v=M8To7iorkxQ,avatar_clip,41,"Pandora always looks so stunning! 💙 If you could visit just one place in the Avatar world, where would it be ?",joy,positive,surprise,neutral,positive,No,No,Yes,surprise,No,joy,positive,No,confirmed after assistant manual review,assistant_manual_review_2026-05-27,0.4015,0.6557,0.4859,joy,0.7845,Yes,surprise,0.4468,No,0.9738,joy,0.9307,Yes,joy,0.6923,Yes,negative,0.4974,No,pos,0.9891,No,joy,0.9776,Yes
https://www.youtube.com/watch?v=M8To7iorkxQ,avatar_clip,42,Whatching from Kenya,neutral,neutral,neutral,neutral,neutral,Yes,Yes,Yes,surprise,No,neutral,neutral,No,confirmed after assistant manual review,assistant_manual_review_2026-05-27,0.7965,0.9903,0.5529,neutral,0.9684,Yes,neutral,0.9351,Yes,0.858,neutral,0.9521,Yes,neutral,0.8679,Yes,positive,0.397,No,neu,0.9692,No,neutral,0.9905,Yes
https://www.youtube.com/watch?v=M8To7iorkxQ,avatar_clip,43,"It's engaging and enjoyable to watch, mainly because the actors' performance is really good.",joy,positive,joy,joy,positive,Yes,Yes,Yes,joy,Yes,joy,positive,No,confirmed after assistant manual review,assistant_manual_review_2026-05-27,0.9783,0.9043,0.9772,joy,0.7723,Yes,joy,0.9848,Yes,0.9865,joy,0.9753,Yes,joy,0.9765,Yes,positive,0.9656,Yes,pos,0.9928,No,joy,0.9977,Yes
https://www.youtube.com/watch?v=M8To7iorkxQ,avatar_clip,44,МУЛЬКИК НО ВСЁ ЖЕ ИНТЕРЕСНО.❤❤❤❤❤,joy,positive,fear,neutral,positive,No,No,Yes,disgust,No,joy,positive,No,confirmed after assistant manual review,assistant_manual_review_2026-05-27,0.5092,0.9783,0.4331,joy,0.6895,Yes,anger,0.364,No,0.5464,joy,0.9225,Yes,sadness,0.4789,No,positive,0.4106,Yes,neu,0.8933,No,joy,0.888,Yes
https://www.youtube.com/watch?v=M8To7iorkxQ,avatar_clip,45,Watching from India Attendance please,neutral,neutral,neutral,neutral,neutral,Yes,Yes,Yes,joy,No,neutral,neutral,No,confirmed after assistant manual review,assistant_manual_review_2026-05-27,0.9007,0.9933,0.521,neutral,0.9621,Yes,neutral,0.9316,Yes,0.7864,neutral,0.9134,Yes,neutral,0.8807,Yes,positive,0.6871,No,neu,0.9666,No,neutral,0.99,Yes
https://www.youtube.com/watch?v=M8To7iorkxQ,avatar_clip,46,You are a superhero! 🎉,joy,positive,neutral,neutral,positive,No,No,Yes,joy,Yes,joy,positive,No,confirmed after assistant manual review,assistant_manual_review_2026-05-27,0.3763,0.9708,0.6938,joy,0.9375,Yes,surprise,0.3293,No,0.9845,joy,0.9795,Yes,joy,0.8898,Yes,positive,0.9383,Yes,pos,0.9916,No,joy,0.9948,Yes
https://www.youtube.com/watch?v=M8To7iorkxQ,avatar_clip,47,from Indonesia..🇮🇩❤ (Sragen),joy,positive,neutral,neutral,positive,No,No,Yes,neutral,No,joy,positive,No,confirmed after assistant manual review,assistant_manual_review_2026-05-27,0.895,0.9941,0.3175,neutral,0.728,No,neutral,0.753,No,0.8768,joy,0.9019,Yes,disgust,0.6025,No,negative,0.416,No,neu,0.9773,No,disgust,0.9017,No
https://www.youtube.com/watch?v=M8To7iorkxQ,avatar_clip,48,Watching from Philippines❤,joy,positive,joy,neutral,positive,Yes,No,Yes,joy,Yes,joy,positive,No,confirmed after assistant manual review,assistant_manual_review_2026-05-27,0.9069,0.9934,0.4531,neutral,0.8975,No,neutral,0.6596,No,0.9039,joy,0.9452,Yes,joy,0.9426,Yes,positive,0.5205,Yes,neu,0.9694,No,joy,0.8607,Yes
https://www.youtube.com/watch?v=M8To7iorkxQ,avatar_clip,49,Watching from South Africa enjoying the movie ❤,joy,positive,joy,joy,positive,Yes,Yes,Yes,joy,Yes,joy,positive,No,confirmed after assistant manual review,assistant_manual_review_2026-05-27,0.9885,0.938,0.9798,joy,0.7914,Yes,joy,0.9423,Yes,0.9728,joy,0.9723,Yes,joy,0.9867,Yes,positive,0.8791,Yes,pos,0.989,No,joy,0.9958,Yes
https://www.youtube.com/watch?v=M8To7iorkxQ,avatar_clip,50,Watching from Cameroon🇨🇲,neutral,neutral,joy,neutral,neutral,No,Yes,Yes,joy,No,neutral,neutral,No,confirmed after assistant manual review,assistant_manual_review_2026-05-27,0.7311,0.9934,0.4531,neutral,0.9391,Yes,neutral,0.8911,Yes,0.7795,joy,0.828,No,joy,0.4833,No,positive,0.5205,No,neu,0.971,No,neutral,0.9485,Yes
https://www.youtube.com/watch?v=-_-eIVAX1yQ,shooting_news,1,Why was he let out of the psychiatric facility? Moronic authorities,anger,negative,neutral,neutral,negative,No,No,Yes,anger,Yes,anger,negative,No,confirmed after assistant manual review,assistant_manual_review_2026-05-27,0.2626,0.8282,0.5665,neutral,0.4928,No,surprise,0.7984,No,0.9215,anger,0.8545,Yes,anger,0.4138,Yes,negative,0.5465,Yes,neg,0.9718,No,anger,0.9887,Yes
https://www.youtube.com/watch?v=-_-eIVAX1yQ,shooting_news,2,Finally got the treatment he needed.,anger,negative,joy,neutral,positive,No,No,No,joy,No,anger,negative,No,confirmed after assistant manual review,assistant_manual_review_2026-05-27,0.5863,0.9892,0.4831,neutral,0.3591,No,joy,0.9244,No,0.7344,joy,0.8382,No,sadness,0.463,No,positive,0.5617,No,pos,0.8735,No,joy,0.9957,No
https://www.youtube.com/watch?v=-_-eIVAX1yQ,shooting_news,3,Those reporters have the survival instincts of a rock,anger,negative,neutral,neutral,negative,No,No,Yes,joy,No,anger,negative,No,confirmed after assistant manual review,assistant_manual_review_2026-05-27,0.9326,0.9902,0.5914,neutral,0.6392,No,neutral,0.9356,No,0.8518,joy,0.8736,No,neutral,0.6522,No,negative,0.5037,Yes,neu,0.6563,No,joy,0.4494,No
https://www.youtube.com/watch?v=-_-eIVAX1yQ,shooting_news,4,We need to start hiring more competent gunmen.,anger,negative,neutral,neutral,neutral,No,No,No,neutral,No,anger,negative,No,confirmed after assistant manual review,assistant_manual_review_2026-05-27,0.9145,0.9922,0.6599,joy,0.6259,No,neutral,0.9004,No,0.6942,neutral,0.929,No,neutral,0.8787,No,positive,0.4493,No,neu,0.8528,No,neutral,0.9657,No
https://www.youtube.com/watch?v=-_-eIVAX1yQ,shooting_news,5,Freedom of irrelevancespeech..,neutral,neutral,neutral,neutral,neutral,Yes,Yes,Yes,neutral,Yes,neutral,neutral,No,confirmed after assistant manual review,assistant_manual_review_2026-05-27,0.542,0.9889,0.8284,neutral,0.95,Yes,neutral,0.4411,Yes,0.7799,anger,0.8455,No,joy,0.6449,No,positive,0.7108,No,neu,0.6516,No,anger,0.8866,No
https://www.youtube.com/watch?v=-_-eIVAX1yQ,shooting_news,6,a revolver? what in tarnation?,surprise,negative,surprise,neutral,negative,Yes,No,Yes,surprise,Yes,surprise,negative,No,confirmed after assistant manual review,assistant_manual_review_2026-05-27,0.7922,0.9783,0.8346,neutral,0.5099,No,surprise,0.8151,Yes,0.8395,surprise,0.8956,Yes,surprise,0.4894,Yes,negative,0.5051,Yes,neu,0.7179,No,surprise,0.8511,Yes
https://www.youtube.com/watch?v=-_-eIVAX1yQ,shooting_news,7,I was thinking how dumb standing near windows would be… but if any room was bullet proofed it would be that.,anger,negative,disgust,neutral,negative,No,No,Yes,anger,Yes,anger,negative,No,confirmed after assistant manual review,assistant_manual_review_2026-05-27,0.4359,0.9655,0.7719,anger,0.3908,Yes,disgust,0.502,No,0.813,surprise,0.7347,No,surprise,0.4591,No,negative,0.6284,Yes,neg,0.883,No,anger,0.7011,Yes
https://www.youtube.com/watch?v=-_-eIVAX1yQ,shooting_news,8,The reporters has the survival instincts of a Dodo,anger,negative,neutral,neutral,neutral,No,No,No,joy,No,anger,negative,No,confirmed after assistant manual review,assistant_manual_review_2026-05-27,0.9352,0.9913,0.4903,neutral,0.8324,No,neutral,0.9627,No,0.4747,neutral,0.8973,No,neutral,0.823,No,negative,0.5104,Yes,neu,0.8472,No,surprise,0.3748,No
https://www.youtube.com/watch?v=-_-eIVAX1yQ,shooting_news,9,We have agent 007😂,joy,positive,neutral,neutral,neutral,No,No,No,joy,Yes,surprise,neutral,Yes,joking comparison to Agent 007,assistant_manual_review_2026-05-27,0.961,0.9954,0.5297,neutral,0.7613,No,neutral,0.9607,No,0.801,joy,0.9594,Yes,joy,0.9486,Yes,positive,0.4455,Yes,neu,0.9712,No,joy,0.9861,Yes
https://www.youtube.com/watch?v=-_-eIVAX1yQ,shooting_news,10,Anything to get the ballroom 😂😂,joy,positive,neutral,neutral,neutral,No,No,No,joy,Yes,surprise,neutral,Yes,humorous laughing comment,assistant_manual_review_2026-05-27,0.9045,0.9958,0.809,joy,0.517,Yes,neutral,0.5934,No,0.5844,joy,0.9638,Yes,joy,0.976,Yes,positive,0.4308,Yes,neu,0.9025,No,joy,0.9926,Yes
https://www.youtube.com/watch?v=-_-eIVAX1yQ,shooting_news,11,"Give it three days, he'll be back.🤔💡",fear,negative,neutral,neutral,neutral,No,No,No,sadness,No,fear,negative,No,confirmed after assistant manual review,assistant_manual_review_2026-05-27,0.9159,0.9947,0.6593,joy,0.7594,No,neutral,0.8409,No,0.7583,joy,0.7038,No,disgust,0.8617,No,positive,0.4748,No,neu,0.7363,No,neutral,0.5743,No
https://www.youtube.com/watch?v=-_-eIVAX1yQ,shooting_news,12,Will the world still believe?,neutral,neutral,surprise,neutral,neutral,No,Yes,Yes,surprise,No,neutral,neutral,No,confirmed after assistant manual review,assistant_manual_review_2026-05-27,0.6878,0.9897,0.9456,neutral,0.602,Yes,surprise,0.7594,No,0.7644,surprise,0.8088,No,surprise,0.6961,No,positive,0.4278,No,neu,0.9294,No,surprise,0.9749,No
https://www.youtube.com/watch?v=-_-eIVAX1yQ,shooting_news,13,Just another day in USA,anger,negative,neutral,neutral,negative,No,No,Yes,joy,No,anger,negative,No,confirmed after assistant manual review,assistant_manual_review_2026-05-27,0.5958,0.9396,0.722,neutral,0.9239,No,neutral,0.8328,No,0.5882,neutral,0.8294,No,sadness,0.4624,No,positive,0.425,No,neu,0.9032,No,neutral,0.9916,No
https://www.youtube.com/watch?v=-_-eIVAX1yQ,shooting_news,14,Sa manquait ❤❤🎉🎉,joy,positive,neutral,neutral,positive,No,No,Yes,sadness,No,joy,positive,No,confirmed after assistant manual review,assistant_manual_review_2026-05-27,0.8021,0.9942,0.319,joy,0.907,Yes,neutral,0.7018,No,0.9843,joy,0.9654,Yes,joy,0.4834,Yes,positive,0.776,Yes,neu,0.964,No,joy,0.9794,Yes
https://www.youtube.com/watch?v=-_-eIVAX1yQ,shooting_news,15,The USA is a lost cause.,anger,negative,sadness,neutral,negative,No,No,Yes,anger,Yes,anger,negative,No,confirmed after assistant manual review,assistant_manual_review_2026-05-27,0.8718,0.8035,0.8156,sadness,0.6419,No,sadness,0.7629,No,0.9368,anger,0.9237,Yes,anger,0.5795,Yes,negative,0.784,Yes,neg,0.9761,No,anger,0.5218,Yes
https://www.youtube.com/watch?v=-_-eIVAX1yQ,shooting_news,16,Jeez what's this 4th attempt. Something odd about it all,surprise,negative,surprise,neutral,negative,Yes,No,Yes,surprise,Yes,surprise,negative,No,confirmed after assistant manual review,assistant_manual_review_2026-05-27,0.6616,0.6709,0.7356,neutral,0.4816,No,surprise,0.5057,Yes,0.8557,surprise,0.9657,Yes,surprise,0.6887,Yes,negative,0.6239,Yes,neg,0.9318,No,surprise,0.5664,Yes
https://www.youtube.com/watch?v=-_-eIVAX1yQ,shooting_news,17,Another patriot gone.,sadness,negative,sadness,neutral,negative,Yes,No,Yes,sadness,Yes,sadness,negative,No,confirmed after assistant manual review,assistant_manual_review_2026-05-27,0.7634,0.9885,0.3756,sadness,0.6745,Yes,sadness,0.9457,Yes,0.7717,sadness,0.9746,Yes,sadness,0.7493,Yes,negative,0.4792,Yes,neg,0.9471,No,sadness,0.996,Yes
https://www.youtube.com/watch?v=-_-eIVAX1yQ,shooting_news,18,So many want him Xd,anger,negative,neutral,neutral,positive,No,No,No,neutral,No,anger,negative,No,confirmed after assistant manual review,assistant_manual_review_2026-05-27,0.821,0.9939,0.519,neutral,0.9445,No,neutral,0.7295,No,0.7911,neutral,0.8548,No,neutral,0.5263,No,negative,0.4017,Yes,pos,0.8815,No,sadness,0.9238,No
https://www.youtube.com/watch?v=-_-eIVAX1yQ,shooting_news,19,The shooters family could claim a presidential pardon for him & put a claim in for the slush fund.,anger,negative,neutral,neutral,neutral,No,No,No,anger,Yes,anger,negative,No,confirmed after assistant manual review,assistant_manual_review_2026-05-27,0.716,0.9929,0.8485,neutral,0.9556,No,neutral,0.8743,No,0.7679,neutral,0.9075,No,anger,0.6391,Yes,negative,0.5073,Yes,neu,0.8561,No,neutral,0.957,No
https://www.youtube.com/watch?v=-_-eIVAX1yQ,shooting_news,20,The United States is a threat to all of humanity...,fear,negative,fear,neutral,negative,Yes,No,Yes,anger,No,fear,negative,No,confirmed after assistant manual review,assistant_manual_review_2026-05-27,0.87,0.7335,0.8269,fear,0.6748,Yes,fear,0.9189,Yes,0.9181,fear,0.9744,Yes,fear,0.7532,Yes,negative,0.7893,Yes,neg,0.9799,No,fear,0.9793,Yes
https://www.youtube.com/watch?v=-_-eIVAX1yQ,shooting_news,21,The best learing centre graduate yet.,joy,positive,neutral,neutral,positive,No,No,Yes,joy,Yes,joy,positive,No,confirmed after assistant manual review,assistant_manual_review_2026-05-27,0.5473,0.988,0.9313,joy,0.8507,Yes,joy,0.5786,Yes,0.972,joy,0.9659,Yes,joy,0.8857,Yes,positive,0.795,Yes,pos,0.9909,No,joy,0.9945,Yes
https://www.youtube.com/watch?v=-_-eIVAX1yQ,shooting_news,22,He missed his son's wedding for this! Could they not have arranged for the gunman to turn up another day?,sadness,negative,surprise,neutral,negative,No,No,Yes,fear,No,sadness,negative,No,confirmed after assistant manual review,assistant_manual_review_2026-05-27,0.4581,0.9075,0.3431,neutral,0.5503,No,surprise,0.4758,No,0.8884,sadness,0.9157,Yes,anger,0.6093,No,negative,0.6144,Yes,neg,0.9529,No,anger,0.9794,No
https://www.youtube.com/watch?v=-_-eIVAX1yQ,shooting_news,23,ترامب مغتصب اباطفال مع ابستين داعم الكيان الاسرائيلي قاتل الاطفال هو مجرد دميه بيد النتن,anger,negative,neutral,neutral,neutral,No,No,No,neutral,No,anger,negative,No,confirmed after assistant manual review,assistant_manual_review_2026-05-27,0.3805,0.9473,0.6324,neutral,0.9501,No,neutral,0.3783,No,0.6561,fear,0.7441,No,disgust,0.4819,No,negative,0.4807,Yes,neu,0.9297,No,disgust,0.8847,No
https://www.youtube.com/watch?v=-_-eIVAX1yQ,shooting_news,24,"We need a professional killer, not a psychotic kid.",anger,negative,neutral,neutral,negative,No,No,Yes,anger,Yes,anger,negative,No,confirmed after assistant manual review,assistant_manual_review_2026-05-27,0.7596,0.9627,0.5419,neutral,0.4945,No,anger,0.3603,Yes,0.8576,anger,0.9329,Yes,anger,0.7835,Yes,negative,0.4444,Yes,neg,0.9651,No,anger,0.9931,Yes
https://www.youtube.com/watch?v=-_-eIVAX1yQ,shooting_news,25,Gunshots ringing out what is that😂 how did an insane person get access to a revolver?,fear,negative,anger,neutral,negative,No,No,Yes,surprise,No,fear,negative,No,confirmed after assistant manual review,assistant_manual_review_2026-05-27,0.4387,0.8641,0.9634,neutral,0.8372,No,surprise,0.552,No,0.8776,surprise,0.9571,No,surprise,0.8095,No,negative,0.8038,Yes,neg,0.9576,No,surprise,0.9881,No
https://www.youtube.com/watch?v=-_-eIVAX1yQ,shooting_news,26,Amando supremo tribunal federal do Brasil. Donald Trump a sua guela. Alexandro oliveira jornal nacional do Brasil. GCM . Romu fortaleza ceará. Força tática.,anger,negative,neutral,neutral,neutral,No,No,No,neutral,No,anger,negative,No,confirmed after assistant manual review,assistant_manual_review_2026-05-27,0.5696,0.9921,0.5273,neutral,0.9444,No,neutral,0.6627,No,0.849,joy,0.8741,No,anger,0.4308,Yes,positive,0.5889,No,neu,0.8953,No,neutral,0.8179,No
https://www.youtube.com/watch?v=-_-eIVAX1yQ,shooting_news,27,Vampire stern family,disgust,negative,disgust,neutral,neutral,Yes,No,No,neutral,No,disgust,negative,No,confirmed after assistant manual review,assistant_manual_review_2026-05-27,0.3961,0.985,0.7532,neutral,0.9382,No,neutral,0.784,No,0.7396,neutral,0.8861,No,neutral,0.5771,No,negative,0.5515,Yes,neu,0.8996,No,anger,0.4957,No
https://www.youtube.com/watch?v=-_-eIVAX1yQ,shooting_news,28,😂😂😂😂😂,joy,positive,neutral,neutral,neutral,No,No,No,disgust,No,neutral,neutral,Yes,emoji-only laughter,assistant_manual_review_2026-05-27,0.7183,0.9886,0.3818,joy,0.8948,Yes,anger,0.3576,No,0.5544,joy,0.9654,Yes,joy,0.9767,Yes,positive,0.4161,Yes,neu,0.8939,No,joy,0.995,Yes
https://www.youtube.com/watch?v=-_-eIVAX1yQ,shooting_news,29,The real story is Trump lost the war and there is a bounty on his life.,fear,negative,neutral,neutral,negative,No,No,Yes,sadness,No,fear,negative,No,confirmed after assistant manual review,assistant_manual_review_2026-05-27,0.7216,0.9905,0.3171,neutral,0.7969,No,sadness,0.4099,No,0.8787,fear,0.9746,Yes,sadness,0.5853,No,negative,0.6946,Yes,neg,0.8603,No,anger,0.9405,No
https://www.youtube.com/watch?v=-_-eIVAX1yQ,shooting_news,30,Never has a president been like this lol,joy,positive,neutral,joy,negative,No,Yes,No,joy,Yes,joy,positive,No,confirmed after assistant manual review,assistant_manual_review_2026-05-27,0.4905,0.5121,0.7521,joy,0.8736,Yes,joy,0.4228,Yes,0.4424,surprise,0.8544,No,joy,0.8143,Yes,negative,0.439,No,neu,0.5869,No,surprise,0.5724,No
https://www.youtube.com/watch?v=-_-eIVAX1yQ,shooting_news,31,"On the plus side, the shootings happen closer to the White House.",fear,negative,joy,neutral,neutral,No,No,No,fear,Yes,fear,negative,No,confirmed after assistant manual review,assistant_manual_review_2026-05-27,0.696,0.9918,0.5099,neutral,0.7863,No,neutral,0.7464,No,0.6985,neutral,0.8955,No,joy,0.7778,No,negative,0.4136,Yes,neg,0.5169,No,neutral,0.9258,No
https://www.youtube.com/watch?v=-_-eIVAX1yQ,shooting_news,32,No Bias Just Reporting 👍,joy,positive,neutral,neutral,positive,No,No,Yes,neutral,No,joy,positive,No,confirmed after assistant manual review,assistant_manual_review_2026-05-27,0.7045,0.9946,0.7775,neutral,0.5493,No,neutral,0.4264,No,0.5045,joy,0.8253,Yes,joy,0.3916,Yes,neutral,0.4595,No,neu,0.9457,No,disgust,0.7869,No
https://www.youtube.com/watch?v=-_-eIVAX1yQ,shooting_news,33,Distraction from the distraction from the distraction from the distraction from the distraction from the distraction from the distraction. Stay tuned there be a distraction soon from this distraction,neutral,neutral,neutral,neutral,neutral,Yes,Yes,Yes,neutral,Yes,neutral,neutral,No,confirmed after assistant manual review,assistant_manual_review_2026-05-27,0.8044,0.9894,0.7516,neutral,0.7952,Yes,neutral,0.8835,Yes,0.6679,neutral,0.9092,Yes,neutral,0.8689,Yes,negative,0.3971,No,neg,0.6603,No,neutral,0.9694,Yes
https://www.youtube.com/watch?v=-_-eIVAX1yQ,shooting_news,34,You can’t take a great man down trump forever,joy,positive,neutral,neutral,negative,No,No,No,joy,Yes,joy,positive,No,confirmed after assistant manual review,assistant_manual_review_2026-05-27,0.9406,0.9895,0.342,disgust,0.6581,No,neutral,0.4639,No,0.5669,anger,0.9094,No,anger,0.5722,No,negative,0.4897,No,neg,0.7492,No,anger,0.6492,No
https://www.youtube.com/watch?v=-_-eIVAX1yQ,shooting_news,35,"Avec TRUMP, le rêve américain est devenu le cauchemar américain !",sadness,negative,neutral,neutral,neutral,No,No,No,joy,No,sadness,negative,No,confirmed after assistant manual review,assistant_manual_review_2026-05-27,0.4326,0.9846,0.4351,neutral,0.962,No,neutral,0.4729,No,0.7189,joy,0.7798,No,joy,0.3772,No,positive,0.6133,No,neu,0.6166,No,anger,0.7921,No
https://www.youtube.com/watch?v=-_-eIVAX1yQ,shooting_news,36,Very poor gun man in america,sadness,negative,sadness,sadness,negative,Yes,Yes,Yes,anger,No,sadness,negative,No,confirmed after assistant manual review,assistant_manual_review_2026-05-27,0.6143,0.9085,0.452,sadness,0.7535,Yes,sadness,0.958,Yes,0.9139,anger,0.948,No,anger,0.8339,No,negative,0.7169,Yes,neg,0.9706,No,sadness,0.7348,Yes
https://www.youtube.com/watch?v=-_-eIVAX1yQ,shooting_news,37,Definitely an Ai slop.,disgust,negative,neutral,neutral,negative,No,No,Yes,disgust,Yes,disgust,negative,No,confirmed after assistant manual review,assistant_manual_review_2026-05-27,0.8735,0.9584,0.954,neutral,0.8436,No,neutral,0.8583,No,0.8327,anger,0.9202,No,disgust,0.8097,Yes,positive,0.3841,No,neu,0.7882,No,disgust,0.9877,Yes
https://www.youtube.com/watch?v=-_-eIVAX1yQ,shooting_news,38,He was just looking for the snack bar,joy,positive,neutral,neutral,neutral,No,No,No,neutral,No,neutral,neutral,Yes,humorous explanation,assistant_manual_review_2026-05-27,0.9176,0.9948,0.9021,neutral,0.967,No,neutral,0.9688,No,0.8499,neutral,0.9213,No,neutral,0.7735,No,positive,0.3742,Yes,neu,0.9401,No,neutral,0.9922,No
https://www.youtube.com/watch?v=-_-eIVAX1yQ,shooting_news,39,TDS,neutral,neutral,neutral,neutral,neutral,Yes,Yes,Yes,neutral,Yes,neutral,neutral,No,confirmed after assistant manual review,assistant_manual_review_2026-05-27,0.9334,0.9941,0.8662,neutral,0.9694,Yes,neutral,0.8971,Yes,0.5266,neutral,0.935,Yes,neutral,0.9151,Yes,positive,0.4705,No,neu,0.8663,No,neutral,0.8346,Yes
https://www.youtube.com/watch?v=-_-eIVAX1yQ,shooting_news,40,Bro took Trump’s Christ image very seriously.,anger,negative,neutral,neutral,neutral,No,No,No,anger,Yes,anger,negative,No,confirmed after assistant manual review,assistant_manual_review_2026-05-27,0.8994,0.9864,0.8285,neutral,0.8078,No,neutral,0.6665,No,0.5701,neutral,0.8759,No,neutral,0.5978,No,negative,0.5385,Yes,neu,0.7822,No,neutral,0.7836,No
https://www.youtube.com/watch?v=-_-eIVAX1yQ,shooting_news,41,My heart goes out to the innocent bystander 😢,sadness,negative,joy,neutral,negative,No,No,Yes,sadness,Yes,sadness,negative,No,confirmed after assistant manual review,assistant_manual_review_2026-05-27,0.9239,0.6563,0.7035,sadness,0.8354,Yes,sadness,0.8675,Yes,0.8312,sadness,0.9909,Yes,sadness,0.9552,Yes,negative,0.8024,Yes,neu,0.5765,No,sadness,0.9965,Yes
https://www.youtube.com/watch?v=-_-eIVAX1yQ,shooting_news,42,How does someone who believes they are Jesus Christ have legal ownership of a gun? Or be president of the most powerful nation on earth? The USA never fails to confound.,anger,negative,neutral,neutral,negative,No,No,Yes,anger,Yes,anger,negative,No,confirmed after assistant manual review,assistant_manual_review_2026-05-27,0.4112,0.9927,0.7313,neutral,0.7019,No,surprise,0.5421,No,0.7585,anger,0.9027,Yes,anger,0.8111,Yes,negative,0.3697,Yes,neg,0.8538,No,anger,0.5254,Yes
https://www.youtube.com/watch?v=-_-eIVAX1yQ,shooting_news,43,ITS NOT BREAKING NEWS SINCE HES STILL AROUND....MOST LIKELY TAKING A NAP DURING THE SHOOTING,anger,negative,neutral,neutral,neutral,No,No,No,neutral,No,anger,negative,No,confirmed after assistant manual review,assistant_manual_review_2026-05-27,0.5385,0.9878,0.8823,neutral,0.534,No,neutral,0.7831,No,0.6803,fear,0.9728,No,fear,0.6829,No,negative,0.3932,Yes,neu,0.7055,No,neutral,0.9823,No
https://www.youtube.com/watch?v=-_-eIVAX1yQ,shooting_news,44,Really was this actually to distract from the mess of the Iran War and the economic fallout.,fear,negative,neutral,neutral,negative,No,No,Yes,neutral,No,fear,negative,No,confirmed after assistant manual review,assistant_manual_review_2026-05-27,0.7023,0.9882,0.7592,neutral,0.4954,No,neutral,0.3297,No,0.7272,anger,0.9106,No,neutral,0.51,No,negative,0.7452,Yes,neg,0.8396,No,anger,0.5772,No
https://www.youtube.com/watch?v=-_-eIVAX1yQ,shooting_news,45,"If at first you don't succeed, try, try, again. Be careful who you try it with though.",fear,negative,neutral,neutral,neutral,No,No,No,neutral,No,fear,negative,No,confirmed after assistant manual review,assistant_manual_review_2026-05-27,0.5145,0.9879,0.9375,joy,0.8604,No,neutral,0.8464,No,0.5616,neutral,0.8924,No,neutral,0.6851,No,positive,0.4435,No,neu,0.6209,No,neutral,0.9934,No
https://www.youtube.com/watch?v=-_-eIVAX1yQ,shooting_news,46,Is very dangerous time in the USA is getting really close 4 Revolution is only matter of time 20 gunman or 200 we'll be doing that🙉 the sort of things been going on since forever😜,fear,negative,fear,fear,negative,Yes,Yes,Yes,fear,Yes,fear,negative,No,confirmed after assistant manual review,assistant_manual_review_2026-05-27,0.9436,0.5375,0.9123,fear,0.6948,Yes,anger,0.5374,No,0.8223,fear,0.9809,Yes,fear,0.9422,Yes,negative,0.9212,Yes,neg,0.9598,No,fear,0.9448,Yes
https://www.youtube.com/watch?v=-_-eIVAX1yQ,shooting_news,47,WWE,neutral,neutral,neutral,neutral,neutral,Yes,Yes,Yes,neutral,Yes,neutral,neutral,No,confirmed after assistant manual review,assistant_manual_review_2026-05-27,0.3569,0.9832,0.8604,neutral,0.944,Yes,neutral,0.756,Yes,0.6452,neutral,0.8829,Yes,anger,0.5064,No,positive,0.5187,No,neu,0.9137,No,neutral,0.9937,Yes
https://www.youtube.com/watch?v=-_-eIVAX1yQ,shooting_news,48,Australian news is unbearable,disgust,negative,disgust,sadness,negative,Yes,No,Yes,sadness,No,disgust,negative,No,confirmed after assistant manual review,assistant_manual_review_2026-05-27,0.5046,0.4867,0.7241,neutral,0.5512,No,disgust,0.5465,Yes,0.9232,anger,0.948,No,sadness,0.7908,No,negative,0.7096,Yes,neg,0.9775,No,sadness,0.937,No
https://www.youtube.com/watch?v=-_-eIVAX1yQ,shooting_news,49,Just another bad in the country,sadness,negative,disgust,neutral,negative,No,No,Yes,anger,No,anger,negative,Yes,resigned negative comment about the country,assistant_manual_review_2026-05-27,0.8368,0.6866,0.6018,sadness,0.5086,Yes,disgust,0.7703,No,0.907,anger,0.9444,No,anger,0.7472,No,negative,0.9313,Yes,neg,0.9775,No,anger,0.9041,No
https://www.youtube.com/watch?v=-_-eIVAX1yQ,shooting_news,50,"Un charlot, ridiculisé par l'iran.",anger,negative,disgust,neutral,neutral,No,No,No,anger,Yes,anger,negative,No,confirmed after assistant manual review,assistant_manual_review_2026-05-27,0.5971,0.9887,0.9389,neutral,0.9523,No,disgust,0.7169,No,0.5797,neutral,0.8268,No,neutral,0.3655,No,negative,0.8661,Yes,neu,0.7889,No,joy,0.4098,No
